t,rpm,out,rpm_sp
5171620,60.81,0.0725,60.0
5171630,93.28,0.0206,60.0
5171640,108.32,-0.0076,60.0
5171650,128.08,-0.0448,60.0
5171660,120.1,-0.0413,60.0
5171670,79.89,0.0131,60.0
5171680,53.51,0.0501,60.0
5171690,45.84,0.0604,60.0
5171700,52.69,0.0483,60.0
5171710,51.4,0.0482,60.0
5171720,38.4,0.0684,60.0
5171730,32.57,0.0797,60.0
5171740,42.07,0.0677,60.0
5171750,42.34,0.0689,60.0
5171760,32.29,0.0861,60.0
5171770,29.35,0.0939,60.0
5171780,42.8,0.076,60.0
5171790,52.65,0.0623,60.0
5171800,74.84,0.0287,60.0
5171810,100.36,-0.0124,60.0
5171820,123.15,-0.0516,60.0
5171830,106.41,-0.032,60.0
5171840,73.48,0.0144,60.0
5171850,57.04,0.0387,60.0
5171860,55.1,0.042,60.0
5171870,51.56,0.048,60.0
5171880,44.05,0.0604,60.0
5171890,36.94,0.0732,60.0
5171900,41.91,0.0677,60.0
5171910,34.09,0.0815,60.0
5171920,32.41,0.0866,60.0
5171930,38.97,0.079,60.0
5171940,46.82,0.0691,60.0
5171950,60.85,0.0486,60.0
5171960,66.25,0.0403,60.0
5171970,78.63,0.0206,60.0
5171980,103.24,-0.0194,60.0
5171990,122.73,-0.0543,60.0
5172000,84.96,-0.0022,60.0
5172010,61.85,0.0316,60.0
5172020,65.63,0.0256,60.0
5172030,65.53,0.0251,60.0
5172040,50.82,0.0475,60.0
5172050,46.01,0.0561,60.0
5172060,54.26,0.0447,60.0
5172070,44.39,0.0606,60.0
5172080,39.1,0.0708,60.0
5172090,50.98,0.0545,60.0
5172100,50.84,0.0553,60.0
5172110,42.08,0.0701,60.0
5172120,57.59,0.0481,60.0
5172130,79.81,0.0138,60.0
5172140,104.54,-0.0267,60.0
5172150,110.58,-0.041,60.0
5172160,81.9,-0.0017,60.0
5172170,57.35,0.0343,60.0
5172180,49.87,0.0465,60.0
5172190,54.18,0.0406,60.0
5172200,46.56,0.053,60.0
5172210,36.22,0.0703,60.0
5172220,33.55,0.0768,60.0
5172230,37.82,0.0729,60.0
5172240,34.25,0.0807,60.0
5172250,30.0,0.09,60.0
5172260,38.34,0.0802,60.0
5172270,49.87,0.0645,60.0
5172280,46.02,0.0714,60.0
5172290,43.17,0.0773,60.0
5172300,52.14,0.0651,60.0
5172310,82.73,0.0184,60.0
5172320,113.11,-0.0314,60.0
5172330,121.72,-0.0505,60.0
5172340,93.49,-0.0131,60.0
5172350,66.21,0.026,60.0
5172360,57.4,0.0391,60.0
5172370,52.21,0.0473,60.0
5172380,50.46,0.0507,60.0
5172390,41.71,0.0653,60.0
5172400,34.71,0.0779,60.0
5172410,38.18,0.0751,60.0
5172420,36.38,0.08,60.0
5172430,39.3,0.078,60.0
5172440,44.24,0.0725,60.0
5172450,45.98,0.0715,60.0
5172460,53.09,0.062,60.0
5172470,80.38,0.0202,60.0
5172480,106.9,-0.0231,60.0
5172490,121.49,-0.0508,60.0
5172500,92.69,-0.0126,60.0
5172510,62.48,0.0316,60.0
5172520,69.43,0.0208,60.0
5172530,71.43,0.0167,60.0
5172540,51.49,0.0469,60.0
5172550,46.9,0.0552,60.0
5172560,49.37,0.0526,60.0
5172570,39.31,0.0693,60.0
5172580,36.2,0.0764,60.0
5172590,38.27,0.0755,60.0
5172600,38.89,0.0768,60.0
5172610,54.27,0.0552,60.0
5172620,75.68,0.0224,60.0
5172630,84.32,0.0074,60.0
5172640,102.52,-0.0232,60.0
5172650,116.11,-0.0488,60.0
5172660,91.64,-0.0168,60.0
5172670,58.87,0.031,60.0
5172680,41.19,0.0588,60.0
5172690,48.74,0.049,60.0
5172700,50.08,0.048,60.0
5172710,46.46,0.0546,60.0
5172720,39.03,0.0676,60.0
5172730,36.89,0.073,60.0
5172740,41.83,0.0678,60.0
5172750,43.42,0.067,60.0
5172760,31.91,0.0864,60.0
5172770,30.62,0.0915,60.0
5172780,43.19,0.0749,60.0
5172790,54.48,0.0588,60.0
5172800,78.53,0.022,60.0
5172810,100.4,-0.0139,60.0
5172820,118.23,-0.0458,60.0
5172830,104.2,-0.0301,60.0
5172840,75.18,0.0108,60.0
5172850,57.91,0.0362,60.0
5172860,53.86,0.0429,60.0
5172870,48.74,0.0514,60.0
5172880,40.7,0.0649,60.0
5172890,37.61,0.0717,60.0
5172900,41.65,0.0674,60.0
5172910,33.57,0.0819,60.0
5172920,35.74,0.0812,60.0
5172930,35.31,0.0843,60.0
5172940,49.68,0.0644,60.0
5172950,59.0,0.0509,60.0
5172960,64.01,0.0432,60.0
5172970,80.84,0.0166,60.0
5172980,106.45,-0.0252,60.0
5172990,118.8,-0.0493,60.0
5173000,81.72,0.0021,60.0
5173010,62.03,0.0307,60.0
5173020,65.12,0.0257,60.0
5173030,61.6,0.0304,60.0
5173040,48.84,0.05,60.0
5173050,47.68,0.0532,60.0
5173060,54.58,0.0437,60.0
5173070,42.63,0.0627,60.0
5173080,37.21,0.0731,60.0
5173090,53.58,0.0499,60.0
5173100,47.84,0.0592,60.0
5173110,43.1,0.0681,60.0
5173120,60.52,0.0427,60.0
5173130,85.52,0.0039,60.0
5173140,109.66,-0.0361,60.0
5173150,106.52,-0.0364,60.0
5173160,77.71,0.0036,60.0
5173170,56.49,0.035,60.0
5173180,51.27,0.0436,60.0
5173190,52.71,0.0421,60.0
5173200,45.55,0.0538,60.0
5173210,38.26,0.0666,60.0
5173220,34.04,0.0755,60.0
5173230,38.13,0.0718,60.0
5173240,34.91,0.0791,60.0
5173250,33.7,0.0838,60.0
5173260,38.31,0.0794,60.0
5173270,47.0,0.0679,60.0
5173280,47.25,0.0688,60.0
5173290,42.81,0.0769,60.0
5173300,57.02,0.0567,60.0
5173310,91.51,0.0035,60.0
5173320,119.06,-0.0425,60.0
5173330,120.72,-0.0512,60.0
5173340,91.35,-0.0116,60.0
5173350,63.01,0.0296,60.0
5173360,56.93,0.0388,60.0
5173370,52.77,0.0456,60.0
5173380,48.41,0.053,60.0
5173390,41.76,0.0646,60.0
5173400,35.06,0.0768,60.0
5173410,37.53,0.0754,60.0
5173420,34.95,0.0818,60.0
5173430,41.57,0.0742,60.0
5173440,44.94,0.0709,60.0
5173450,42.51,0.0761,60.0
5173460,54.84,0.0589,60.0
5173470,83.03,0.0156,60.0
5173480,111.18,-0.0307,60.0
5173490,120.7,-0.0508,60.0
5173500,85.68,-0.0029,60.0
5173510,60.9,0.0335,60.0
5173520,69.83,0.0196,60.0
5173530,64.13,0.0271,60.0
5173540,47.52,0.0525,60.0
5173550,49.36,0.0511,60.0
5173560,46.94,0.0557,60.0
5173570,38.19,0.0705,60.0
5173580,38.21,0.0729,60.0
5173590,39.89,0.0723,60.0
5173600,34.8,0.0823,60.0
5173610,59.66,0.0464,60.0
5173620,79.25,0.0158,60.0
5173630,85.89,0.0037,60.0
5173640,103.6,-0.0263,60.0
5173650,116.28,-0.0506,60.0
5173660,89.87,-0.0152,60.0
5173670,54.82,0.0364,60.0
5173680,45.05,0.0524,60.0
5173690,48.31,0.049,60.0
5173700,49.9,0.0476,60.0
5173710,43.77,0.0581,60.0
5173720,39.86,0.0658,60.0
5173730,34.32,0.0764,60.0
5173740,41.68,0.0674,60.0
5173750,43.2,0.0667,60.0
5173760,30.3,0.0884,60.0
5173770,27.33,0.0962,60.0
5173780,46.45,0.0696,60.0
5173790,55.85,0.0563,60.0
5173800,81.43,0.0169,60.0
5173810,103.72,-0.0198,60.0
5173820,118.57,-0.0475,60.0
5173830,97.59,-0.021,60.0
5173840,72.82,0.0139,60.0
5173850,58.34,0.0353,60.0
5173860,55.68,0.0397,60.0
5173870,51.97,0.0459,60.0
5173880,40.11,0.0651,60.0
5173890,37.92,0.0706,60.0
5173900,39.54,0.0701,60.0
5173910,31.58,0.0844,60.0
5173920,32.86,0.0853,60.0
5173930,37.47,0.0809,60.0
5173940,52.57,0.0597,60.0
5173950,59.81,0.0491,60.0
5173960,65.0,0.0412,60.0
5173970,83.13,0.0124,60.0
5173980,109.5,-0.031,60.0
5173990,115.93,-0.0465,60.0
5174000,76.38,0.0091,60.0
5174010,58.12,0.0359,60.0
5174020,66.95,0.0222,60.0
5174030,59.55,0.0327,60.0
5174040,48.21,0.0503,60.0
5174050,49.9,0.0491,60.0
5174060,51.7,0.0472,60.0
5174070,39.26,0.0672,60.0
5174080,40.91,0.067,60.0
5174090,55.15,0.0468,60.0
5174100,47.05,0.0598,60.0
5174110,42.92,0.0677,60.0
5174120,61.41,0.0406,60.0
5174130,88.89,-0.0024,60.0
5174140,111.21,-0.0398,60.0
5174150,104.53,-0.0348,60.0
5174160,73.27,0.0102,140.0
5174170,53.34,0.0432,140.0
5174180,57.04,0.0416,140.0
5174190,58.47,0.0432,140.0
5174200,50.6,0.0593,140.0
5174210,40.63,0.0798,140.0
5174220,45.8,0.0779,140.0
5174230,47.98,0.0804,140.0
5174240,47.33,0.0873,140.0
5174250,59.1,0.0751,140.0
5174260,67.07,0.0675,140.0
5174270,71.4,0.0654,140.0
5174280,106.72,0.0149,140.0
5174290,144.22,-0.0427,140.0
5174300,140.53,-0.0401,140.0
5174310,96.61,0.0261,140.0
5174320,77.42,0.0587,140.0
5174330,78.35,0.0619,140.0
5174340,76.45,0.0694,140.0
5174350,65.04,0.0924,140.0
5174360,74.06,0.085,140.0
5174370,90.18,0.0657,140.0
5174380,117.31,0.0279,140.0
5174390,158.57,-0.0345,140.0
5174400,154.09,-0.0303,140.0
5174410,107.01,0.0416,140.0
5174420,96.55,0.0616,140.0
5174430,105.18,0.0526,140.0
5174440,93.16,0.0752,140.0
5174450,80.8,0.1001,140.0
5174460,119.64,0.047,140.0
5174470,165.86,-0.0218,140.0
5174480,180.7,-0.0464,140.0
5174490,141.72,0.0113,140.0
5174500,97.02,0.0825,140.0
5174510,102.97,0.0798,140.0
5174520,116.64,0.0643,140.0
5174530,98.33,0.0973,140.0
5174540,121.97,0.0677,140.0
5174550,189.11,-0.0322,140.0
5174560,195.94,-0.0462,140.0
5174570,136.11,0.0411,140.0
5174580,99.47,0.0987,140.0
5174590,113.51,0.0811,140.0
5174600,118.01,0.0767,140.0
5174610,134.21,0.0539,140.0
5174620,172.04,-0.0045,140.0
5174630,194.5,-0.0431,140.0
5174640,145.38,0.0275,140.0
5174650,111.08,0.0806,140.0
5174660,128.97,0.0557,140.0
5174670,125.36,0.0622,140.0
5174680,118.63,0.0744,140.0
5174690,160.98,0.0108,140.0
5174700,189.0,-0.0354,140.0
5174710,151.56,0.0174,140.0
5174720,104.12,0.0904,140.0
5174730,100.85,0.0994,140.0
5174740,115.81,0.0799,140.0
5174750,123.03,0.071,140.0
5174760,146.32,0.037,140.0
5174770,193.73,-0.0377,140.0
5174780,181.25,-0.0245,140.0
5174790,124.86,0.059,140.0
5174800,100.7,0.0987,140.0
5174810,111.29,0.0862,140.0
5174820,121.62,0.0729,140.0
5174830,154.56,0.024,140.0
5174840,198.2,-0.0453,140.0
5174850,170.15,-0.0083,140.0
5174860,115.49,0.0737,140.0
5174870,116.35,0.0751,140.0
5174880,125.49,0.0629,140.0
5174890,117.42,0.0773,140.0
5174900,155.62,0.0205,140.0
5174910,194.73,-0.042,140.0
5174920,173.76,-0.0156,140.0
5174930,118.08,0.0676,140.0
5174940,102.75,0.094,140.0
5174950,121.9,0.068,140.0
5174960,113.8,0.0821,140.0
5174970,139.62,0.0453,140.0
5174980,191.97,-0.0361,140.0
5174990,185.91,-0.0327,140.0
5175000,125.55,0.0566,140.0
5175010,102.77,0.0939,140.0
5175020,116.44,0.0765,140.0
5175030,119.35,0.0744,140.0
5175040,141.58,0.0421,140.0
5175050,182.35,-0.0213,140.0
5175060,189.66,-0.0375,140.0
5175070,136.07,0.0409,140.0
5175080,116.83,0.0721,140.0
5175090,131.73,0.0511,140.0
5175100,119.54,0.0707,140.0
5175110,124.72,0.065,140.0
5175120,169.13,-0.0023,140.0
5175130,189.15,-0.0369,140.0
5175140,140.74,0.0333,140.0
5175150,99.57,0.0977,140.0
5175160,107.75,0.0893,140.0
5175170,116.6,0.0787,140.0
5175180,120.81,0.0744,140.0
5175190,155.41,0.0227,140.0
5175200,199.66,-0.048,140.0
5175210,170.44,-0.0093,140.0
5175220,117.08,0.0709,140.0
5175230,102.83,0.0958,140.0
5175240,113.1,0.0835,140.0
5175250,121.48,0.073,140.0
5175260,159.5,0.0159,140.0
5175270,202.09,-0.0525,140.0
5175280,158.26,0.0088,140.0
5175290,115.17,0.0744,140.0
5175300,119.87,0.0697,140.0
5175310,119.41,0.0721,140.0
5175320,120.22,0.0732,140.0
5175330,163.22,0.0085,140.0
5175340,197.79,-0.048,140.0
5175350,164.79,-0.003,140.0
5175360,110.52,0.0791,140.0
5175370,103.99,0.0925,140.0
5175380,122.07,0.0676,140.0
5175390,113.15,0.0832,140.0
5175400,148.31,0.0319,140.0
5175410,199.5,-0.0487,140.0
5175420,178.57,-0.0226,140.0
5175430,118.94,0.0665,140.0
5175440,104.03,0.0923,140.0
5175450,117.75,0.0745,140.0
5175460,122.29,0.0698,140.0
5175470,146.99,0.0334,140.0
5175480,184.76,-0.026,140.0
5175490,182.55,-0.0278,140.0
5175500,127.75,0.0532,140.0
5175510,117.23,0.0714,140.0
5175520,131.96,0.0507,140.0
5175530,117.96,0.0731,140.0
5175540,131.9,0.0541,140.0
5175550,177.29,-0.0155,140.0
5175560,180.7,-0.0253,140.0
5175570,132.86,0.045,140.0
5175580,98.65,0.0995,140.0
5175590,111.41,0.084,140.0
5175600,118.11,0.0764,140.0
5175610,122.7,0.0716,140.0
5175620,164.87,0.008,140.0
5175630,201.05,-0.0513,140.0
5175640,161.03,0.0043,140.0
5175650,107.46,0.0857,140.0
5175660,105.66,0.092,140.0
5175670,117.29,0.0775,140.0
5175680,127.01,0.0648,140.0
5175690,168.83,0.0014,140.0
5175700,200.24,-0.0508,140.0
5175710,147.92,0.024,140.0
5175720,112.38,0.0789,140.0
5175730,123.84,0.064,140.0
5175740,118.09,0.0742,140.0
5175750,125.33,0.0656,140.0
5175760,171.17,-0.0041,140.0
5175770,196.78,-0.0475,140.0
5175780,156.13,0.0095,140.0
5175790,104.84,0.088,140.0
5175800,109.59,0.0844,140.0
5175810,123.0,0.0662,140.0
5175820,110.8,0.087,140.0
5175830,159.12,0.0153,140.0
5175840,201.53,-0.0529,140.0
5175850,168.5,-0.0081,140.0
5175860,109.8,0.0805,140.0
5175870,107.11,0.0882,140.0
5175880,119.87,0.0714,140.0
5175890,122.93,0.0688,140.0
5175900,154.1,0.0223,140.0
5175910,190.93,-0.0364,140.0
5175920,171.97,-0.0129,140.0
5175930,120.95,0.0634,140.0
5175940,119.96,0.0674,140.0
5175950,132.03,0.0505,140.0
5175960,119.39,0.071,140.0
5175970,136.56,0.0468,140.0
5175980,184.11,-0.0268,140.0
5175990,173.87,-0.016,140.0
5176000,119.25,0.0654,140.0
5176010,100.02,0.0977,140.0
5176020,109.45,0.0869,140.0
5176030,116.77,0.0785,140.0
5176040,128.98,0.062,140.0
5176050,174.54,-0.0076,140.0
5176060,201.65,-0.0537,140.0
5176070,150.53,0.0194,140.0
5176080,106.18,0.0877,140.0
5176090,107.92,0.0887,140.0
5176100,118.12,0.0762,140.0
5176110,129.04,0.0615,140.0
5176120,175.66,-0.0099,140.0
5176130,196.11,-0.046,140.0
5176140,137.5,0.0393,140.0
5176150,111.89,0.0798,140.0
5176160,123.71,0.0641,140.0
5176170,117.23,0.0756,140.0
5176180,129.31,0.0595,140.0
5176190,177.39,-0.0143,140.0
5176200,193.85,-0.0444,140.0
5176210,142.84,0.0292,140.0
5176220,105.32,0.0878,140.0
5176230,119.38,0.0698,140.0
5176240,118.11,0.0736,140.0
5176250,114.16,0.0824,140.0
5176260,167.62,0.0022,140.0
5176270,201.55,-0.0539,140.0
5176280,156.97,0.0087,140.0
5176290,106.07,0.0866,140.0
5176300,111.66,0.0816,140.0
5176310,118.41,0.0737,140.0
5176320,124.58,0.0663,140.0
5176330,159.4,0.0138,140.0
5176340,193.41,-0.0412,140.0
5176350,166.06,-0.0046,140.0
5176360,117.46,0.0689,140.0
5176370,121.93,0.0645,140.0
5176380,128.89,0.0551,140.0
5176390,115.56,0.0769,140.0
5176400,143.87,0.0357,140.0
5176410,185.4,-0.0297,140.0
5176420,166.47,-0.0056,140.0
5176430,111.37,0.0774,140.0
5176440,102.87,0.0939,140.0
5176450,113.6,0.0809,140.0
5176460,119.78,0.0742,140.0
5176470,133.43,0.0553,140.0
5176480,182.28,-0.0199,140.0
5176490,195.6,-0.0455,140.0
5176500,139.69,0.0356,140.0
5176510,106.21,0.0881,140.0
5176520,107.24,0.0902,140.0
5176530,118.18,0.0763,140.0
5176540,136.93,0.0496,140.0
5176550,185.21,-0.0251,140.0
5176560,189.21,-0.0366,140.0
5176570,130.73,0.0494,140.0
5176580,115.43,0.0746,140.0
5176590,124.26,0.0632,140.0
5176600,109.47,0.0877,140.0
5176610,140.49,0.0429,140.0
5176620,188.16,-0.0312,140.0
5176630,191.81,-0.0422,140.0
5176640,133.55,0.0432,140.0
5176650,101.87,0.0935,140.0
5176660,117.66,0.0728,140.0
5176670,116.24,0.0768,140.0
5176680,118.82,0.0757,140.0
5176690,175.57,-0.0101,140.0
5176710,147.08,0.0211,40.0
5176720,103.54,0.0853,40.0
5176730,108.93,0.0774,40.0
5176740,112.51,0.0709,40.0
5176750,117.74,0.0619,40.0
5176760,147.38,0.0141,40.0
5176770,181.67,-0.0443,40.0
5176780,154.68,-0.0118,40.0
5176790,106.27,0.0576,40.0
5176800,108.52,0.053,40.0
5176810,110.16,0.0482,40.0
5176820,92.6,0.0732,40.0
5176830,91.26,0.0747,40.0
5176840,120.17,0.029,40.0
5176850,156.64,-0.0315,40.0
5176860,153.47,-0.0346,40.0
5176870,104.53,0.0339,40.0
5176880,79.62,0.0702,40.0
5176890,87.61,0.0572,40.0
5176900,75.7,0.0738,40.0
5176910,60.52,0.0969,40.0
5176920,75.21,0.0749,40.0
5176930,86.77,0.0557,40.0
5176940,93.89,0.0427,40.0
5176950,127.26,-0.0124,40.0
5176960,148.33,-0.0523,40.0
5176970,116.28,-0.0122,40.0
5176980,79.68,0.0388,40.0
5176990,69.0,0.053,40.0
5177000,68.95,0.0513,40.0
5177010,57.57,0.0667,40.0
5177020,43.88,0.0869,40.0
5177030,49.83,0.0779,40.0
5177040,56.89,0.0662,40.0
5177050,54.32,0.0686,40.0
5177060,62.23,0.055,40.0
5177070,90.17,0.0091,40.0
5177080,114.21,-0.0338,40.0
5177090,121.17,-0.0529,40.0
5177100,81.31,-0.0001,40.0
5177110,60.71,0.0273,40.0
5177120,70.74,0.0086,40.0
5177130,57.59,0.0244,40.0
5177140,40.12,0.0482,40.0
5177150,42.26,0.0431,40.0
5177160,41.2,0.0424,40.0
5177170,28.1,0.0603,40.0
5177180,26.12,0.0622,40.0
5177190,25.46,0.0618,40.0
5177200,17.88,0.0722,40.0
5177210,24.2,0.0639,40.0
5177220,24.46,0.0649,40.0
5177230,12.3,0.0855,40.0
5177240,23.25,0.0716,40.0
5177250,43.16,0.0422,40.0
5177260,47.22,0.0353,40.0
5177270,51.09,0.0284,40.0
5177280,64.98,0.0058,40.0
5177290,86.48,-0.03,40.0
5177300,96.6,-0.0506,40.0
5177310,76.97,-0.0259,40.0
5177320,54.5,0.0055,40.0
5177330,43.42,0.0213,40.0
5177340,34.11,0.0356,40.0
5177350,36.07,0.0332,40.0
5177360,29.51,0.0438,40.0
5177370,31.71,0.0417,40.0
5177380,27.55,0.0489,40.0
5177390,29.1,0.0477,40.0
5177400,26.75,0.0523,40.0
5177410,23.21,0.0592,40.0
5177420,20.06,0.0659,40.0
5177430,21.37,0.0659,40.0
5177440,23.71,0.0642,40.0
5177450,27.29,0.0601,40.0
5177460,21.05,0.0712,40.0
5177470,28.21,0.062,40.0
5177480,15.6,0.0827,40.0
5177490,10.66,0.0929,40.0
5177500,18.79,0.0832,40.0
5177510,26.57,0.0732,40.0
5177520,28.51,0.0714,40.0
5177530,35.24,0.0622,40.0
5177540,57.7,0.028,40.0
5177550,73.82,0.001,40.0
5177560,90.4,-0.0281,40.0
5177570,98.66,-0.0463,40.0
5177580,72.58,-0.0119,40.0
5177590,61.21,0.0026,40.0
5177600,52.9,0.0133,40.0
5177610,43.14,0.0272,40.0
5177620,35.93,0.0382,40.0
5177630,35.2,0.0396,40.0
5177640,29.63,0.0485,40.0
5177650,27.54,0.0528,40.0
5177660,23.03,0.0611,40.0
5177670,23.76,0.0616,40.0
5177680,29.09,0.0548,40.0
5177690,17.4,0.0742,40.0
5177700,19.7,0.0731,40.0
5177710,24.5,0.0676,40.0
5177720,23.88,0.0701,40.0
5177730,18.6,0.0801,40.0
5177740,23.36,0.0749,40.0
5177750,36.6,0.0559,40.0
5177760,34.64,0.0591,40.0
5177770,39.92,0.0514,40.0
5177780,51.24,0.0339,40.0
5177790,67.06,0.0082,40.0
5177800,80.36,-0.015,40.0
5177810,98.85,-0.0481,40.0
5177820,83.91,-0.031,40.0
5177830,62.17,-0.0012,40.0
5177840,55.86,0.0067,40.0
5177850,48.8,0.0162,40.0
5177860,41.75,0.0263,40.0
5177870,39.39,0.0297,40.0
5177880,34.38,0.0376,40.0
5177890,32.8,0.0405,40.0
5177900,29.21,0.0469,40.0
5177910,33.14,0.0417,40.0
5177920,29.11,0.0488,40.0
5177930,24.58,0.0571,40.0
5177940,24.81,0.0584,40.0
5177950,24.28,0.0607,40.0
5177960,28.25,0.0561,40.0
5177970,31.24,0.0525,40.0
5177980,30.38,0.0547,40.0
5177990,20.09,0.0719,40.0
5178000,30.5,0.0578,40.0
5178010,42.96,0.0393,40.0
5178020,48.99,0.0296,40.0
5178030,66.11,0.0021,40.0
5178040,82.32,-0.0256,40.0
5178050,89.89,-0.042,40.0
5178060,69.12,-0.0148,40.0
5178070,50.62,0.0113,40.0
5178080,38.81,0.0288,40.0
5178090,40.75,0.0258,40.0
5178100,37.1,0.0314,40.0
5178110,29.83,0.043,40.0
5178120,29.95,0.0439,40.0
5178130,27.34,0.0489,40.0
5178140,26.21,0.0518,40.0
5178150,20.2,0.0625,40.0
5178160,21.65,0.0624,40.0
5178170,20.66,0.0657,40.0
5178180,19.13,0.07,40.0
5178190,15.8,0.0773,40.0
5178200,19.13,0.0744,40.0
5178210,15.98,0.0814,40.0
5178220,18.55,0.0797,40.0
5178230,25.19,0.0715,40.0
5178240,28.53,0.0678,40.0
5178250,28.09,0.0697,40.0
5178260,29.41,0.0688,40.0
5178270,32.17,0.0656,40.0
5178280,30.66,0.0687,40.0
5178290,38.28,0.058,40.0
5178300,61.76,0.0218,40.0
5178310,84.54,-0.0159,40.0
5178320,96.17,-0.0386,40.0
5178330,89.43,-0.034,40.0
5178340,72.04,-0.0122,40.0
5178350,55.84,0.0097,40.0
5178360,47.71,0.0207,40.0
5178370,40.42,0.0315,40.0
5178380,37.48,0.0361,40.0
5178390,32.29,0.0444,40.0
5178400,30.7,0.0477,40.0
5178410,27.57,0.0534,40.0
5178420,23.46,0.0612,40.0
5178430,21.1,0.0664,40.0
5178440,18.47,0.0724,40.0
5178450,19.95,0.0722,40.0
5178460,23.77,0.0683,40.0
5178470,20.42,0.0753,40.0
5178480,25.34,0.0699,40.0
5178490,28.28,0.0667,40.0
5178500,26.83,0.0701,40.0
5178510,27.18,0.0709,40.0
5178520,33.27,0.0629,40.0
5178530,44.87,0.0457,40.0
5178540,60.8,0.0204,40.0
5178550,77.82,-0.0081,40.0
5178560,94.98,-0.0387,40.0
5178570,96.14,-0.0463,40.0
5178580,64.14,-0.0022,40.0
5178590,48.89,0.0196,40.0
5178600,54.51,0.0099,40.0
5178610,48.13,0.0181,40.0
5178620,35.55,0.037,40.0
5178630,37.18,0.0348,40.0
5178640,33.66,0.0405,40.0
5178650,30.42,0.0461,40.0
5178660,26.78,0.0526,40.0
5178670,26.93,0.0537,40.0
5178680,26.05,0.0565,40.0
5178690,21.63,0.0647,40.0
5178700,17.57,0.0726,40.0
5178710,24.55,0.064,40.0
5178720,26.82,0.0618,40.0
5178730,11.36,0.0872,40.0
5178740,19.82,0.077,40.0
5178750,40.11,0.0474,40.0
5178760,51.27,0.0299,40.0
5178770,52.62,0.0269,40.0
5178780,61.91,0.0114,40.0
5178790,83.45,-0.0242,40.0
5178800,95.67,-0.0478,40.0
5178810,80.68,-0.0303,40.0
5178820,57.32,0.0021,40.0
5178830,41.68,0.0247,40.0
5178840,34.1,0.0362,40.0
5178850,35.05,0.0352,40.0
5178860,28.57,0.0457,40.0
5178870,29.56,0.0453,40.0
5178880,27.98,0.0486,40.0
5178890,29.38,0.0476,40.0
5178900,27.46,0.0516,40.0
5178910,25.91,0.0554,40.0
5178920,18.29,0.0687,40.0
5178930,19.89,0.0683,40.0
5178940,23.36,0.065,40.0
5178950,26.84,0.0611,40.0
5178960,22.84,0.0687,40.0
5178970,26.65,0.0645,40.0
5178980,16.57,0.0814,40.0
5178990,11.7,0.0914,40.0
5179000,19.1,0.0828,40.0
5179010,26.66,0.073,40.0
5179020,29.98,0.0693,40.0
5179030,34.49,0.0633,40.0
5179040,56.88,0.0292,40.0
5179050,73.57,0.0014,40.0
5179060,89.8,-0.0273,40.0
5179070,96.59,-0.0431,40.0
5179080,75.04,-0.0154,40.0
5179090,61.96,0.0015,40.0
5179100,53.13,0.0129,40.0
5179110,40.32,0.0315,40.0
5179120,34.62,0.0403,40.0
5179130,37.4,0.0365,40.0
5179140,31.79,0.0455,40.0
5179150,25.11,0.0565,40.0
5179160,21.34,0.0638,40.0
5179170,25.26,0.0595,40.0
5179180,30.01,0.0535,40.0
5179190,15.55,0.0771,40.0
5179200,20.87,0.0715,40.0
5179210,27.21,0.0635,40.0
5179220,20.76,0.0748,40.0
5179230,18.53,0.0802,40.0
5179240,23.34,0.075,40.0
5179250,36.45,0.057,120.0
5179260,34.98,0.0627,120.0
5179270,44.85,0.0512,120.0
5179280,61.91,0.028,120.0
5179290,78.6,0.0036,120.0
5179300,99.47,-0.0285,120.0
5179310,108.33,-0.0443,120.0
5179320,82.06,-0.0062,120.0
5179330,63.25,0.0237,120.0
5179340,66.48,0.0213,120.0
5179350,63.84,0.0277,120.0
5179360,54.59,0.0449,120.0
5179370,49.96,0.0561,120.0
5179380,56.54,0.0503,120.0
5179390,48.75,0.0664,120.0
5179400,48.17,0.0723,120.0
5179410,64.52,0.0521,120.0
5179420,63.4,0.0577,120.0
5179430,76.8,0.0415,120.0
5179440,109.41,-0.0061,120.0
5179450,133.63,-0.0439,120.0
5179460,110.48,-0.0103,120.0
5179470,74.4,0.0463,120.0
5179480,69.47,0.0582,120.0
5179490,79.22,0.0478,120.0
5179500,66.89,0.071,120.0
5179510,53.96,0.0967,120.0
5179520,68.29,0.0815,120.0
5179530,82.2,0.0656,120.0
5179540,81.73,0.071,120.0
5179550,108.13,0.035,120.0
5179560,153.53,-0.0334,120.0
5179570,158.2,-0.0432,120.0
5179580,110.8,0.0281,120.0
5179590,85.34,0.0706,120.0
5179600,94.57,0.0618,120.0
5179610,85.41,0.0806,120.0
5179620,81.34,0.093,120.0
5179630,98.86,0.0721,120.0
5179640,139.87,0.0134,120.0
5179650,176.22,-0.0431,120.0
5179660,156.08,-0.0181,120.0
5179670,105.65,0.0571,120.0
5179680,107.75,0.0556,120.0
5179690,109.54,0.054,120.0
5179700,91.36,0.0834,120.0
5179710,96.58,0.0787,120.0
5179720,143.43,0.0083,120.0
5179730,175.98,-0.0449,120.0
5179740,159.21,-0.025,120.0
5179750,110.6,0.0468,120.0
5179760,89.69,0.0807,120.0
5179770,103.97,0.0613,120.0
5179780,97.08,0.0735,120.0
5179790,83.34,0.0975,120.0
5179800,108.39,0.0628,120.0
5179810,163.41,-0.0216,120.0
5179820,178.69,-0.0505,120.0
5179830,130.83,0.0178,120.0
5179840,97.15,0.0692,120.0
5179850,98.32,0.0696,120.0
5179860,97.09,0.0735,120.0
5179870,91.0,0.0854,120.0
5179880,114.06,0.0527,120.0
5179890,147.07,0.0019,120.0
5179900,174.98,-0.0443,120.0
5179910,145.02,-0.0039,120.0
5179920,105.91,0.0547,120.0
5179930,107.48,0.0539,120.0
5179940,107.76,0.0544,120.0
5179950,97.48,0.0717,120.0
5179960,102.01,0.0671,120.0
5179970,127.89,0.0288,120.0
5179980,165.23,-0.0302,120.0
5179990,156.99,-0.0224,120.0
5180000,105.61,0.0539,120.0
5180010,89.48,0.0807,120.0
5180020,99.86,0.0675,120.0
5180030,90.67,0.0838,120.0
5180040,92.23,0.0846,120.0
5180050,111.46,0.0576,120.0
5180060,148.74,0.0007,120.0
5180070,178.47,-0.0487,120.0
5180080,148.46,-0.0085,120.0
5180090,102.57,0.0603,120.0
5180100,94.58,0.075,120.0
5180110,96.7,0.0741,120.0
5180120,90.4,0.0863,120.0
5180130,102.82,0.0701,120.0
5180140,145.91,0.0051,120.0
5180150,178.76,-0.0488,120.0
5180160,144.71,-0.0025,120.0
5180170,103.47,0.0593,120.0
5180180,108.03,0.054,120.0
5180190,106.78,0.057,120.0
5180200,87.99,0.0876,120.0
5180210,100.03,0.0726,120.0
5180220,146.33,0.0027,120.0
5180230,175.83,-0.0462,120.0
5180240,158.06,-0.0245,120.0
5180250,106.52,0.052,120.0
5180260,91.85,0.0767,120.0
5180270,106.12,0.0574,120.0
5180280,95.35,0.0754,120.0
5180290,79.25,0.103,120.0
5180300,112.66,0.0556,120.0
5180310,166.9,-0.0281,120.0
5180320,179.84,-0.0534,120.0
5180330,128.86,0.02,120.0
5180340,95.0,0.072,120.0
5180350,103.0,0.0621,120.0
5180360,94.32,0.0771,120.0
5180370,92.59,0.0826,120.0
5180380,114.05,0.0521,120.0
5180390,149.61,-0.0026,120.0
5180400,175.61,-0.0461,120.0
5180410,143.25,-0.002,120.0
5180420,104.45,0.0564,120.0
5180430,109.05,0.0511,120.0
5180440,108.57,0.0527,120.0
5180450,96.57,0.0727,120.0
5180460,104.42,0.0631,120.0
5180470,131.75,0.0225,120.0
5180480,166.57,-0.033,120.0
5180490,152.14,-0.0158,120.0
5180500,104.35,0.0554,120.0
5180510,93.44,0.0745,120.0
5180520,98.2,0.0695,120.0
5180530,86.32,0.09,120.0
5180540,94.2,0.0812,120.0
5180550,112.65,0.0553,120.0
5180560,151.14,-0.0036,120.0
5180570,178.92,-0.0502,120.0
5180580,147.9,-0.0083,120.0
5180590,98.16,0.0666,120.0
5180600,96.8,0.0712,120.0
5180610,95.23,0.0758,120.0
5180620,89.75,0.0869,120.0
5180630,103.29,0.0689,120.0
5180640,145.08,0.0056,120.0
5180650,180.17,-0.0517,120.0
5180660,141.22,0.0021,120.0
5180670,100.95,0.0629,120.0
5180680,109.37,0.0519,120.0
5180690,105.2,0.059,120.0
5180700,85.72,0.0908,120.0
5180710,98.71,0.0745,120.0
5180720,147.0,0.0014,120.0
5180730,178.91,-0.0511,120.0
5180740,154.91,-0.02,120.0
5180750,102.5,0.058,120.0
5180760,95.12,0.0718,120.0
5180770,106.24,0.0569,120.0
5180780,91.44,0.0812,120.0
5180790,82.06,0.0987,120.0
5180800,113.25,0.0544,120.0
5180810,167.38,-0.0291,120.0
5180820,177.22,-0.0496,120.0
5180830,129.94,0.0181,120.0
5180840,95.73,0.0706,120.0
5180850,97.71,0.0699,120.0
5180860,97.06,0.0729,120.0
5180870,91.26,0.0845,120.0
5180880,116.43,0.0484,120.0
5180890,148.41,-0.0009,120.0
5180900,174.83,-0.045,120.0
5180910,143.3,-0.0021,120.0
5180920,103.97,0.0571,120.0
5180930,108.21,0.0523,120.0
5180940,109.1,0.0519,120.0
5180950,95.85,0.0738,120.0
5180960,100.12,0.0695,120.0
5180970,130.65,0.024,120.0
5180980,165.94,-0.0321,120.0
5180990,154.51,-0.0195,120.0
5181000,103.69,0.0563,120.0
5181010,93.44,0.0745,120.0
5181020,97.61,0.0704,120.0
5181030,88.99,0.0859,120.0
5181040,93.92,0.0816,120.0
5181050,111.65,0.0567,120.0
5181060,149.31,-0.001,120.0
5181070,178.63,-0.0498,120.0
5181080,147.19,-0.0073,120.0
5181090,100.33,0.0632,120.0
5181100,92.8,0.0772,120.0
5181110,95.74,0.0751,120.0
5181120,89.67,0.087,120.0
5181130,103.96,0.0679,120.0
5181140,145.5,0.005,120.0
5181150,180.29,-0.0519,120.0
5181160,142.0,0.001,120.0
5181170,101.93,0.0615,120.0
5181180,108.55,0.053,120.0
5181190,106.88,0.0566,120.0
5181200,86.75,0.0894,120.0
5181210,102.37,0.069,120.0
5181220,149.13,-0.0019,120.0
5181230,177.52,-0.0492,120.0
5181240,154.01,-0.0188,120.0
5181250,101.93,0.0588,120.0
5181260,91.6,0.0771,120.0
5181270,103.62,0.0609,120.0
5181280,94.77,0.0762,120.0
5181290,84.35,0.0952,120.0
5181300,112.64,0.0553,120.0
5181310,165.93,-0.027,120.0
5181320,175.14,-0.0467,120.0
5181330,127.28,0.0222,120.0
5181340,96.97,0.0689,120.0
5181350,101.28,0.0645,120.0
5181360,96.77,0.0733,120.0
5181370,93.34,0.0812,120.0
5181380,115.38,0.0499,120.0
5181390,149.93,-0.0034,120.0
5181400,171.94,-0.0409,120.0
5181410,142.24,-0.0005,120.0
5181420,105.99,0.0539,120.0
5181430,106.73,0.0544,120.0
5181440,110.62,0.0495,120.0
5181450,94.23,0.0761,120.0
5181460,102.97,0.0651,120.0
5181470,132.17,0.0216,120.0
5181480,166.41,-0.0331,120.0
5181490,152.38,-0.0164,120.0
5181500,99.92,0.062,120.0
5181510,92.86,0.0753,120.0
5181520,102.26,0.0631,120.0
5181530,87.61,0.0879,120.0
5181540,93.44,0.0823,120.0
5181550,112.99,0.0545,120.0
5181560,150.68,-0.0032,120.0
5181570,178.26,-0.0496,120.0
5181580,144.75,-0.0038,120.0
5181590,99.58,0.0642,120.0
5181600,95.02,0.0737,120.0
5181610,94.06,0.0775,120.0
5181620,91.1,0.0847,120.0
5181630,104.4,0.067,120.0
5181640,148.98,-0.0005,120.0
5181650,180.21,-0.0521,120.0
5181660,142.16,0.0005,120.0
5181670,100.47,0.0636,120.0
5181680,111.08,0.0491,120.0
5181690,106.05,0.0575,120.0
5181700,83.26,0.0943,120.0
5181710,101.3,0.0705,120.0
5181720,147.87,-0.0001,120.0
5181730,177.69,-0.0497,120.0
5181740,151.69,-0.0155,120.0
5181750,102.27,0.0583,120.0
5181760,95.05,0.0719,120.0
5181770,102.72,0.0622,120.0
5181780,95.05,0.0758,120.0
5181790,80.85,0.1005,120.0
5181800,112.14,0.056,120.0
5181810,165.63,-0.0266,120.0
5181820,175.04,-0.0465,120.0
5181830,126.56,0.0232,120.0
5181840,96.38,0.0697,120.0
5181850,100.22,0.066,120.0
5181860,96.14,0.0742,120.0
5181870,92.47,0.0824,120.0
5181880,116.6,0.0479,120.0
5181890,147.41,0.0002,120.0
5181900,175.91,-0.0472,120.0
5181910,139.69,0.0031,120.0
5181920,105.18,0.0551,120.0
5181930,108.91,0.051,120.0
5181940,107.77,0.0535,120.0
5181950,93.59,0.077,120.0
5181960,105.3,0.0615,120.0
5181970,133.52,0.0193,120.0
5181980,166.82,-0.034,120.0
5181990,150.44,-0.0137,120.0
5182000,101.73,0.0591,120.0
5182010,93.99,0.0734,120.0
5182020,97.96,0.0696,120.0
5182030,87.24,0.0884,120.0
5182040,95.03,0.0797,120.0
5182050,109.21,0.0602,120.0
5182060,154.26,-0.0086,120.0
5182070,180.5,-0.0531,120.0
5182080,143.2,-0.0016,120.0
5182090,98.82,0.0653,120.0
5182100,94.52,0.0744,120.0
5182110,94.06,0.0775,120.0
5182120,91.8,0.0837,120.0
5182130,104.72,0.0665,120.0
5182140,145.5,0.0047,120.0
5182150,180.67,-0.0527,120.0
5182160,139.71,0.0043,120.0
5182170,101.02,0.0628,120.0
5182180,111.24,0.0489,120.0
5182190,104.36,0.0602,120.0
5182200,85.4,0.0913,120.0
5182210,100.2,0.0721,120.0
5182220,148.53,-0.0011,120.0
5182230,178.08,-0.0499,120.0
5182240,154.19,-0.019,120.0
5182250,103.03,0.0572,120.0
5182260,90.15,0.0795,120.0
5182270,105.24,0.0586,120.0
5182280,95.53,0.0751,120.0
5182290,79.02,0.1034,120.0
5182300,111.81,0.0568,120.0
5182310,169.02,-0.0314,120.0
5182320,174.93,-0.0461,120.0
5182330,129.5,0.0191,120.0
5182340,95.94,0.0706,120.0
5182350,103.94,0.0608,120.0
5182360,97.29,0.0726,120.0
5182370,93.73,0.0807,120.0
5182380,113.74,0.0525,120.0
5182390,151.07,-0.005,120.0
5182400,175.14,-0.0458,120.0
5182410,138.94,0.0044,120.0
5182420,104.45,0.0564,120.0
5182430,108.98,0.0512,120.0
5182440,107.16,0.0547,120.0
5182450,94.7,0.0754,120.0
5182460,101.63,0.0673,120.0
5182470,131.92,0.0222,120.0
5182480,169.24,-0.0371,120.0
5182490,153.83,-0.0185,120.0
5182500,100.72,0.0608,120.0
5182510,90.63,0.0788,120.0
5182520,100.87,0.0654,120.0
5182530,87.57,0.0879,120.0
5182540,94.09,0.0813,120.0
5182550,112.41,0.0556,120.0
5182560,150.51,-0.0027,120.0
5182570,181.11,-0.0537,120.0
5182580,143.63,-0.0019,120.0
5182590,97.75,0.0672,120.0
5182600,93.55,0.0761,120.0
5182610,93.26,0.0789,120.0
5182620,90.58,0.0857,120.0
5182630,104.03,0.0678,120.0
5182640,145.68,0.0048,120.0
5182650,178.84,-0.0495,120.0
5182660,143.98,-0.0018,120.0
5182670,102.32,0.061,120.0
5182680,109.74,0.0513,120.0
5182690,104.58,0.0602,120.0
5182700,87.49,0.0883,120.0
5182710,100.06,0.0726,120.0
5182720,145.6,0.0037,120.0
5182730,174.82,-0.0447,120.0
5182740,151.96,-0.0153,120.0
5182750,103.25,0.0572,120.0
5182760,94.25,0.0733,120.0
5182770,103.12,0.0619,120.0
5182780,97.17,0.0728,120.0
5182790,82.03,0.0988,120.0
5182800,114.4,0.0528,120.0
5182810,168.1,-0.0301,120.0
5182820,177.62,-0.0502,120.0
5182830,128.18,0.0209,120.0
5182840,98.3,0.067,120.0
5182850,102.34,0.063,120.0
5182860,98.93,0.07,120.0
5182870,89.49,0.087,120.0
5182880,116.57,0.0482,120.0
5182890,152.28,-0.007,120.0
5182900,175.72,-0.0469,120.0
5182910,137.15,0.007,120.0
5182920,103.74,0.0574,120.0
5182930,109.92,0.0496,120.0
5182940,108.88,0.0519,120.0
5182950,93.93,0.0765,120.0
5182960,103.61,0.0642,120.0
5182970,132.03,0.0218,120.0
5182980,166.36,-0.033,120.0
5182990,153.12,-0.0175,120.0
5183000,102.92,0.0574,120.0
5183010,92.6,0.0757,120.0
5183020,99.49,0.0674,120.0
5183030,88.41,0.0867,120.0
5183040,93.11,0.0827,120.0
5183050,110.12,0.0589,120.0
5183060,149.11,-0.0007,120.0
5183070,181.13,-0.0537,120.0
5183080,146.19,-0.0058,120.0
5183090,97.03,0.0682,120.0
5183100,93.66,0.076,120.0
5183110,96.01,0.0747,120.0
5183120,92.1,0.0833,120.0
5183130,106.06,0.0646,120.0
5183140,145.15,0.0055,120.0
5183150,180.19,-0.0517,120.0
5183160,141.97,0.001,120.0
5183170,101.92,0.0615,120.0
5183180,109.99,0.051,120.0
5183190,106.41,0.0572,120.0
5183200,86.55,0.0897,120.0
5183210,102.93,0.0682,120.0
5183220,147.84,0.0002,120.0
5183230,175.61,-0.0461,120.0
5183240,152.64,-0.0165,120.0
5183250,102.94,0.0577,120.0
5183260,94.99,0.0723,120.0
5183270,102.52,0.0628,120.0
5183280,94.65,0.0766,120.0
5183290,82.78,0.0977,120.0
5183300,111.81,0.0568,120.0
5183310,164.21,-0.024,120.0
5183320,176.99,-0.049,120.0
5183330,129.47,0.0191,120.0
5183340,97.12,0.0689,120.0
5183350,104.17,0.0604,120.0
5183360,97.89,0.0718,120.0
5183370,92.38,0.0829,120.0
5183380,116.04,0.0493,120.0
5183390,150.29,-0.0036,120.0
5183400,175.11,-0.0454,120.0
5183410,141.91,0.0002,120.0
5183420,106.86,0.053,120.0
5183430,109.23,0.0508,120.0
5183440,108.29,0.0531,120.0
5183450,93.51,0.0774,120.0
5183460,101.93,0.0669,120.0
5183470,132.52,0.0214,120.0
5183480,164.57,-0.0299,120.0
5183490,156.67,-0.0225,120.0
5183500,104.4,0.0553,120.0
5183510,93.06,0.075,120.0
5183520,98.31,0.0693,120.0
5183530,90.3,0.084,120.0
5183540,90.91,0.0862,120.0
5183550,112.59,0.0554,120.0
5183560,148.61,0.0003,120.0
5183570,179.92,-0.0517,120.0
5183580,147.21,-0.0073,120.0
5183590,97.97,0.0668,120.0
5183600,94.12,0.0753,120.0
5183610,96.41,0.0742,120.0
5183620,90.32,0.0861,120.0
5183630,104.3,0.0674,120.0
5183640,145.76,0.0047,120.0
5183650,182.03,-0.0544,120.0
5183660,145.64,-0.0045,120.0
5183670,101.53,0.0621,120.0
5183680,110.08,0.0508,120.0
5183690,106.44,0.0572,120.0
5183700,86.41,0.0899,120.0
5183710,99.06,0.074,120.0
5183720,147.57,0.0006,120.0
5183730,179.38,-0.0518,120.0
5183740,154.13,-0.0189,120.0
5183750,101.96,0.0588,120.0
5183760,92.16,0.0763,120.0
5183770,102.87,0.0623,120.0
5183780,96.39,0.0739,120.0
5183790,81.79,0.0991,120.0
5183800,111.5,0.0572,120.0
5183810,166.55,-0.0276,120.0
5183820,176.68,-0.0486,120.0
5183830,129.21,0.0195,120.0
5183840,98.36,0.0669,120.0
5183850,98.55,0.069,120.0
5183860,95.77,0.0754,120.0
5183870,91.27,0.0847,120.0
5183880,111.79,0.0559,120.0
5183890,147.49,0.001,120.0
5183900,176.08,-0.0465,120.0
5183910,142.02,0.0004,120.0
5183920,105.43,0.0553,120.0
5183930,110.1,0.0499,120.0
5183940,111.65,0.0483,120.0
5183950,94.54,0.0759,120.0
5183960,101.58,0.0677,120.0
5183970,129.62,0.0261,120.0
5183980,168.53,-0.0355,120.0
5183990,154.91,-0.0197,120.0
5184000,103.47,0.0569,120.0
5184010,92.79,0.0757,120.0
5184020,99.16,0.0682,120.0
5184030,87.02,0.089,120.0
5184040,92.69,0.0836,120.0
5184050,113.32,0.0543,120.0
5184060,149.33,-0.0007,120.0
5184070,181.01,-0.0532,120.0
5184080,145.36,-0.0044,120.0
5184090,99.24,0.065,120.0
5184100,95.02,0.074,120.0
5184110,94.36,0.0774,120.0
5184120,94.68,0.0796,120.0
5184130,103.51,0.0686,120.0
5184140,143.43,0.0083,120.0
5184150,180.79,-0.0523,120.0
5184160,144.24,-0.0022,120.0
5184170,99.26,0.0656,120.0
5184180,107.73,0.0545,120.0
5184190,107.41,0.0558,120.0
5184200,86.1,0.0903,120.0
5184210,100.45,0.0717,120.0
5184220,145.4,0.0037,120.0
5184230,175.37,-0.0458,120.0
5184240,153.01,-0.017,120.0
5184250,104.97,0.0545,120.0
5184260,92.9,0.0752,120.0
5184270,103.1,0.062,120.0
5184280,96.83,0.0733,120.0
5184290,81.63,0.0993,120.0
5184300,111.45,0.0573,120.0
5184310,168.91,-0.0312,120.0
5184320,178.25,-0.0511,120.0
5184330,128.37,0.0207,120.0
5184340,95.45,0.0713,120.0
5184350,100.98,0.0653,120.0
5184360,95.83,0.075,120.0
5184370,89.93,0.0867,120.0
5184380,114.36,0.052,120.0
5184390,151.79,-0.0057,120.0
5184400,174.72,-0.0449,120.0
5184410,138.44,0.0055,120.0
5184420,103.9,0.0575,120.0
5184430,109.67,0.0502,120.0
5184440,108.43,0.0529,120.0
5184450,96.9,0.0723,120.0
5184460,101.84,0.067,120.0
5184470,132.65,0.0212,120.0
5184480,166.55,-0.033,120.0
5184490,152.43,-0.0162,120.0
5184500,104.79,0.0547,120.0
5184510,93.4,0.0745,120.0
5184520,100.57,0.0658,120.0
5184530,88.74,0.0862,120.0
5184540,94.01,0.0815,120.0
5184550,111.39,0.0571,120.0
5184560,152.58,-0.0059,120.0
5184570,180.04,-0.0521,120.0
5184580,145.93,-0.0055,120.0
5184590,97.89,0.067,120.0
5184600,95.76,0.0727,120.0
5184610,95.33,0.0757,120.0
5184620,92.19,0.0831,120.0
5184630,104.58,0.0667,120.0
5184640,145.85,0.0042,120.0
5184650,178.9,-0.0499,120.0
5184660,140.89,0.0026,120.0
5184670,101.38,0.0623,120.0
5184680,110.04,0.0509,120.0
5184690,104.14,0.0605,120.0
5184700,86.86,0.0889,120.0
5184710,102.55,0.0684,120.0
5184720,150.21,-0.0038,120.0
5184730,177.26,-0.0491,120.0
5184740,147.86,-0.0097,120.0
5184750,100.67,0.0609,120.0
5184760,96.65,0.0696,120.0
5184770,105.93,0.0573,120.0
5184780,92.23,0.0801,120.0
5184790,82.04,0.0988,120.0
5184800,113.08,0.0547,120.0
5184810,166.44,-0.0277,120.0
5184820,176.29,-0.0483,120.0
5184830,128.34,0.0207,120.0
5184840,97.79,0.0677,120.0
