label,duty,t,rpm,out
boxcar,0.05,14045,0.0,0.0
boxcar,0.05,14055,0.0,0.0
boxcar,0.05,14065,0.0,0.0
boxcar,0.05,14075,0.0,0.0
boxcar,0.05,14085,0.0,0.0
boxcar,0.05,14095,0.0,0.0
boxcar,0.05,14105,0.0,0.0
boxcar,0.05,14115,0.0,0.0
boxcar,0.05,14125,0.0,0.0
boxcar,0.05,14135,0.0,0.0
boxcar,0.05,14145,0.0,0.0
boxcar,0.05,14155,0.0,0.0
boxcar,0.05,14165,0.0,0.0
boxcar,0.05,14175,0.0,0.0
boxcar,0.05,14185,0.0,0.0
boxcar,0.05,14195,0.0,0.0
boxcar,0.05,14205,0.0,0.0
boxcar,0.05,14215,0.0,0.0
boxcar,0.05,14225,0.0,0.0
boxcar,0.05,14235,0.0,0.0
boxcar,0.05,14245,0.0,0.0
boxcar,0.05,14255,0.0,0.0
boxcar,0.05,14265,0.0,0.0
boxcar,0.05,14275,0.0,0.0
boxcar,0.05,14285,0.0,0.0
boxcar,0.05,14295,0.0,0.0
boxcar,0.05,14305,0.0,0.0
boxcar,0.05,14315,0.0,0.0
boxcar,0.05,14325,0.0,0.0
boxcar,0.05,14335,0.0,0.0
boxcar,0.05,14345,0.0,0.0
boxcar,0.05,14355,0.0,0.0
boxcar,0.05,14365,0.0,0.0
boxcar,0.05,14375,0.0,0.0
boxcar,0.05,14385,0.0,0.0
boxcar,0.05,14395,0.0,0.0
boxcar,0.05,14405,0.0,0.0
boxcar,0.05,14415,0.0,0.0
boxcar,0.05,14425,0.0,0.0
boxcar,0.05,14435,0.0,0.0
boxcar,0.05,14445,0.0,0.0
boxcar,0.05,14455,0.0,0.0
boxcar,0.05,14465,0.0,0.0
boxcar,0.05,14475,0.0,0.0
boxcar,0.05,14485,0.0,0.0
boxcar,0.05,14495,0.0,0.0
boxcar,0.05,14505,0.0,0.0
boxcar,0.05,14515,0.0,0.0
boxcar,0.05,14525,0.0,0.0
boxcar,0.05,14535,0.0,0.0
boxcar,0.05,14545,0.0,0.0
boxcar,0.05,14555,0.0,0.0
boxcar,0.05,14565,0.0,0.0
boxcar,0.05,14575,0.0,0.0
boxcar,0.05,14585,0.0,0.0
boxcar,0.05,14595,0.0,0.0
boxcar,0.05,14605,0.0,0.0
boxcar,0.05,14615,0.0,0.0
boxcar,0.05,14625,0.0,0.0
boxcar,0.05,14635,0.0,0.0
boxcar,0.05,14645,0.0,0.0
boxcar,0.05,14655,0.0,0.0
boxcar,0.05,14665,0.0,0.0
boxcar,0.05,14675,0.0,0.0
boxcar,0.05,14685,0.0,0.0
boxcar,0.05,14695,0.0,0.0
boxcar,0.05,14705,0.0,0.0
boxcar,0.05,14715,0.0,0.0
boxcar,0.05,14725,0.0,0.0
boxcar,0.05,14735,0.0,0.0
boxcar,0.05,14745,0.0,0.0
boxcar,0.05,14755,0.0,0.0
boxcar,0.05,14765,0.0,0.0
boxcar,0.05,14775,0.0,0.0
boxcar,0.05,14785,0.0,0.0
boxcar,0.05,14795,0.0,0.0
boxcar,0.05,14805,0.0,0.0
boxcar,0.05,14815,0.0,0.0
boxcar,0.05,14825,0.0,0.0
boxcar,0.05,14835,0.0,0.0
boxcar,0.05,14845,0.0,0.0
boxcar,0.05,14855,0.0,0.0
boxcar,0.05,14865,0.0,0.0
boxcar,0.05,14875,0.0,0.0
boxcar,0.05,14885,0.0,0.0
boxcar,0.05,14895,0.0,0.0
boxcar,0.05,14905,0.0,0.0
boxcar,0.05,14915,0.0,0.0
boxcar,0.05,14925,0.0,0.0
boxcar,0.05,14935,0.0,0.0
boxcar,0.05,14945,0.0,0.0
boxcar,0.05,14955,0.0,0.0
boxcar,0.05,14965,0.0,0.0
boxcar,0.05,14975,0.0,0.0
boxcar,0.05,14985,0.0,0.0
boxcar,0.05,14995,0.0,0.0
boxcar,0.05,15005,0.0,0.0
boxcar,0.05,15015,0.0,0.0
boxcar,0.05,15025,0.0,0.0
boxcar,0.05,15035,0.0,0.0
boxcar,0.05,15045,0.0,0.0
boxcar,0.05,15055,0.0,0.05
boxcar,0.05,15065,10.25,0.05
boxcar,0.05,15075,40.09,0.05
boxcar,0.05,15085,60.84,0.05
boxcar,0.05,15095,59.42,0.05
boxcar,0.05,15105,38.71,0.05
boxcar,0.05,15115,15.22,0.05
boxcar,0.05,15125,4.66,0.05
boxcar,0.05,15135,-1.51,0.05
boxcar,0.05,15145,-1.39,0.05
boxcar,0.05,15155,-0.42,0.05
boxcar,0.05,15165,-0.13,0.05
boxcar,0.05,15175,-0.04,0.05
boxcar,0.05,15185,-0.01,0.05
boxcar,0.05,15195,-0.0,0.05
boxcar,0.05,15205,-0.0,0.05
boxcar,0.05,15215,-0.0,0.05
boxcar,0.05,15225,-0.0,0.05
boxcar,0.05,15235,-0.0,0.05
boxcar,0.05,15245,-0.0,0.05
boxcar,0.05,15255,-0.0,0.05
boxcar,0.05,15265,-0.0,0.05
boxcar,0.05,15275,-0.0,0.05
boxcar,0.05,15285,-0.0,0.05
boxcar,0.05,15295,-0.0,0.05
boxcar,0.05,15305,-0.0,0.05
boxcar,0.05,15315,-0.0,0.05
boxcar,0.05,15325,-0.0,0.05
boxcar,0.05,15335,-0.0,0.05
boxcar,0.05,15345,-0.0,0.05
boxcar,0.05,15355,-0.0,0.05
boxcar,0.05,15365,-0.0,0.05
boxcar,0.05,15375,-0.0,0.05
boxcar,0.05,15385,-0.0,0.05
boxcar,0.05,15395,-0.0,0.05
boxcar,0.05,15405,-0.0,0.05
boxcar,0.05,15415,-0.0,0.05
boxcar,0.05,15425,-0.0,0.05
boxcar,0.05,15435,-0.0,0.05
boxcar,0.05,15445,-0.0,0.05
boxcar,0.05,15455,-0.0,0.05
boxcar,0.05,15465,-0.0,0.05
boxcar,0.05,15475,-0.0,0.05
boxcar,0.05,15485,-0.0,0.05
boxcar,0.05,15495,-0.0,0.05
boxcar,0.05,15505,-0.0,0.05
boxcar,0.05,15515,-0.0,0.05
boxcar,0.05,15525,-0.0,0.05
boxcar,0.05,15535,-0.0,0.05
boxcar,0.05,15545,-0.0,0.05
boxcar,0.05,15555,-0.0,0.05
boxcar,0.05,15565,-0.0,0.05
boxcar,0.05,15575,-0.0,0.05
boxcar,0.05,15585,-0.0,0.05
boxcar,0.05,15595,-0.0,0.05
boxcar,0.05,15605,-0.0,0.05
boxcar,0.05,15615,-0.0,0.05
boxcar,0.05,15625,-0.0,0.05
boxcar,0.05,15635,-0.0,0.05
boxcar,0.05,15645,-0.0,0.05
boxcar,0.05,15655,-0.0,0.05
boxcar,0.05,15665,-0.0,0.05
boxcar,0.05,15675,-0.0,0.05
boxcar,0.05,15685,-0.0,0.05
boxcar,0.05,15695,-0.0,0.05
boxcar,0.05,15705,-0.0,0.05
boxcar,0.05,15715,-0.0,0.05
boxcar,0.05,15725,-0.0,0.05
boxcar,0.05,15735,-0.0,0.05
boxcar,0.05,15745,-0.0,0.05
boxcar,0.05,15755,-0.0,0.05
boxcar,0.05,15765,-0.0,0.05
boxcar,0.05,15775,-0.0,0.05
boxcar,0.05,15785,-0.0,0.05
boxcar,0.05,15795,-0.0,0.05
boxcar,0.05,15805,-0.0,0.05
boxcar,0.05,15815,-0.0,0.05
boxcar,0.05,15825,-0.0,0.05
boxcar,0.05,15835,-0.0,0.05
boxcar,0.05,15845,-0.0,0.05
boxcar,0.05,15855,-0.0,0.05
boxcar,0.05,15865,-0.0,0.05
boxcar,0.05,15875,-0.0,0.05
boxcar,0.05,15885,-0.0,0.05
boxcar,0.05,15895,-0.0,0.05
boxcar,0.05,15905,-0.0,0.05
boxcar,0.05,15915,-0.0,0.05
boxcar,0.05,15925,-0.0,0.05
boxcar,0.05,15935,-0.0,0.05
boxcar,0.05,15945,-0.0,0.05
boxcar,0.05,15955,-0.0,0.05
boxcar,0.05,15965,-0.0,0.05
boxcar,0.05,15975,-0.0,0.05
boxcar,0.05,15985,-0.0,0.05
boxcar,0.05,15995,-0.0,0.05
boxcar,0.05,16005,-0.0,0.05
boxcar,0.05,16015,-0.0,0.05
boxcar,0.05,16025,-0.0,0.05
boxcar,0.05,16035,-0.0,0.05
boxcar,0.05,16045,-0.0,0.05
boxcar,0.05,16055,-0.0,0.05
boxcar,0.05,16065,-0.0,0.05
boxcar,0.05,16075,-0.0,0.05
boxcar,0.05,16085,-0.0,0.05
boxcar,0.05,16095,-0.0,0.05
boxcar,0.05,16105,-0.0,0.05
boxcar,0.05,16115,-0.0,0.05
boxcar,0.05,16125,-0.0,0.05
boxcar,0.05,16135,-0.0,0.05
boxcar,0.05,16145,-0.0,0.05
boxcar,0.05,16155,-0.0,0.05
boxcar,0.05,16165,-0.0,0.05
boxcar,0.05,16175,-0.0,0.05
boxcar,0.05,16185,-0.0,0.05
boxcar,0.05,16195,-0.0,0.05
boxcar,0.05,16205,-0.0,0.05
boxcar,0.05,16215,-0.0,0.05
boxcar,0.05,16225,-0.0,0.05
boxcar,0.05,16235,-0.0,0.05
boxcar,0.05,16245,-0.0,0.05
boxcar,0.05,16255,-0.0,0.05
boxcar,0.05,16265,-0.0,0.05
boxcar,0.05,16275,-0.0,0.05
boxcar,0.05,16285,-0.0,0.05
boxcar,0.05,16295,-0.0,0.05
boxcar,0.05,16305,-0.0,0.05
boxcar,0.05,16315,-0.0,0.05
boxcar,0.05,16325,-0.0,0.05
boxcar,0.05,16335,-0.0,0.05
boxcar,0.05,16345,-0.0,0.05
boxcar,0.05,16355,-0.0,0.05
boxcar,0.05,16365,-0.0,0.05
boxcar,0.05,16375,-0.0,0.05
boxcar,0.05,16385,-0.0,0.05
boxcar,0.05,16395,-0.0,0.05
boxcar,0.05,16405,-0.0,0.05
boxcar,0.05,16415,-0.0,0.05
boxcar,0.05,16425,-0.0,0.05
boxcar,0.05,16435,-0.0,0.05
boxcar,0.05,16445,-0.0,0.05
boxcar,0.05,16455,-0.0,0.05
boxcar,0.05,16465,-0.0,0.05
boxcar,0.05,16475,-0.0,0.05
boxcar,0.05,16485,-0.0,0.05
boxcar,0.05,16495,-0.0,0.05
boxcar,0.05,16505,-0.0,0.05
boxcar,0.05,16515,-0.0,0.05
boxcar,0.05,16525,-0.0,0.05
boxcar,0.05,16535,-0.0,0.05
boxcar,0.05,16545,-0.0,0.05
boxcar,0.05,16555,-0.0,0.05
boxcar,0.05,16565,-0.0,0.05
boxcar,0.05,16575,-0.0,0.05
boxcar,0.05,16585,-0.0,0.05
boxcar,0.05,16595,-0.0,0.05
boxcar,0.05,16605,-0.0,0.05
boxcar,0.05,16615,-0.0,0.05
boxcar,0.05,16625,-0.0,0.05
boxcar,0.05,16635,-0.0,0.05
boxcar,0.05,16645,-0.0,0.05
boxcar,0.05,16655,-0.0,0.05
boxcar,0.05,16665,-0.0,0.05
boxcar,0.05,16675,-0.0,0.05
boxcar,0.05,16685,-0.0,0.05
boxcar,0.05,16695,-0.0,0.05
boxcar,0.05,16705,-0.0,0.05
boxcar,0.05,16715,-0.0,0.05
boxcar,0.05,16725,-0.0,0.05
boxcar,0.05,16735,-0.0,0.05
boxcar,0.05,16745,-0.0,0.05
boxcar,0.05,16755,-0.0,0.05
boxcar,0.05,16765,-0.0,0.05
boxcar,0.05,16775,-0.0,0.05
boxcar,0.05,16785,-0.0,0.05
boxcar,0.05,16795,-0.0,0.05
boxcar,0.05,16805,-0.0,0.05
boxcar,0.05,16815,-0.0,0.05
boxcar,0.05,16825,-0.0,0.05
boxcar,0.05,16835,-0.0,0.05
boxcar,0.05,16845,-0.0,0.05
boxcar,0.05,16855,-0.0,0.05
boxcar,0.05,16865,-0.0,0.05
boxcar,0.05,16875,-0.0,0.05
boxcar,0.05,16885,-0.0,0.05
boxcar,0.05,16895,-0.0,0.05
boxcar,0.05,16905,-0.0,0.05
boxcar,0.05,16915,-0.0,0.05
boxcar,0.05,16925,-0.0,0.05
boxcar,0.05,16935,-0.0,0.05
boxcar,0.05,16945,-0.0,0.05
boxcar,0.05,16955,-0.0,0.05
boxcar,0.05,16965,-0.0,0.05
boxcar,0.05,16975,-0.0,0.05
boxcar,0.05,16985,-0.0,0.05
boxcar,0.05,16995,-0.0,0.05
boxcar,0.05,17005,-0.0,0.05
boxcar,0.05,17015,-0.0,0.05
boxcar,0.05,17025,-0.0,0.05
boxcar,0.05,17035,-0.0,0.05
boxcar,0.05,17045,-0.0,0.05
boxcar,0.05,17055,-0.0,0.05
boxcar,0.05,17065,-0.0,0.05
boxcar,0.05,17075,-0.0,0.05
boxcar,0.05,17085,-0.0,0.05
boxcar,0.05,17095,-0.0,0.05
boxcar,0.05,17105,-0.0,0.05
boxcar,0.05,17115,-0.0,0.05
boxcar,0.05,17125,-0.0,0.05
boxcar,0.05,17135,-0.0,0.05
boxcar,0.05,17145,-0.0,0.05
boxcar,0.05,17155,-0.0,0.05
boxcar,0.05,17165,-0.0,0.05
boxcar,0.05,17175,-0.0,0.05
boxcar,0.05,17185,-0.0,0.05
boxcar,0.05,17195,-0.0,0.05
boxcar,0.05,17205,-0.0,0.05
boxcar,0.05,17215,-0.0,0.05
boxcar,0.05,17225,-0.0,0.05
boxcar,0.05,17235,-0.0,0.05
boxcar,0.05,17245,-0.0,0.05
boxcar,0.05,17255,-0.0,0.05
boxcar,0.05,17265,-0.0,0.05
boxcar,0.05,17275,-0.0,0.05
boxcar,0.05,17285,-0.0,0.05
boxcar,0.05,17295,-0.0,0.05
boxcar,0.05,17305,-0.0,0.05
boxcar,0.05,17315,-0.0,0.05
boxcar,0.05,17325,-0.0,0.05
boxcar,0.05,17335,-0.0,0.05
boxcar,0.05,17345,-0.0,0.05
boxcar,0.05,17355,-0.0,0.05
boxcar,0.05,17365,-0.0,0.05
boxcar,0.05,17375,-0.0,0.05
boxcar,0.05,17385,-0.0,0.05
boxcar,0.05,17395,-0.0,0.05
boxcar,0.05,17405,-0.0,0.05
boxcar,0.05,17415,-0.0,0.05
boxcar,0.05,17425,-0.0,0.05
boxcar,0.05,17435,-0.0,0.05
boxcar,0.05,17445,-0.0,0.05
boxcar,0.05,17455,-0.0,0.05
boxcar,0.05,17465,-0.0,0.05
boxcar,0.05,17475,-0.0,0.05
boxcar,0.05,17485,-0.0,0.05
boxcar,0.05,17495,-0.0,0.05
boxcar,0.05,17505,-0.0,0.05
boxcar,0.05,17515,-0.0,0.05
boxcar,0.05,17525,-0.0,0.05
boxcar,0.05,17535,-0.0,0.05
boxcar,0.05,17545,-0.0,0.05
boxcar,0.05,17555,-0.0,0.05
boxcar,0.05,17565,-0.0,0.05
boxcar,0.05,17575,-0.0,0.05
boxcar,0.05,17585,-0.0,0.05
boxcar,0.05,17595,-0.0,0.05
boxcar,0.05,17605,-0.0,0.05
boxcar,0.05,17615,-0.0,0.05
boxcar,0.05,17625,-0.0,0.05
boxcar,0.05,17635,-0.0,0.05
boxcar,0.05,17645,-0.0,0.05
boxcar,0.05,17655,-0.0,0.05
boxcar,0.05,17665,-0.0,0.05
boxcar,0.05,17675,-0.0,0.05
boxcar,0.05,17685,-0.0,0.05
boxcar,0.05,17695,-0.0,0.05
boxcar,0.05,17705,-0.0,0.05
boxcar,0.05,17715,-0.0,0.05
boxcar,0.05,17725,-0.0,0.05
boxcar,0.05,17735,-0.0,0.05
boxcar,0.05,17745,-0.0,0.05
boxcar,0.05,17755,-0.0,0.05
boxcar,0.05,17765,-0.0,0.05
boxcar,0.05,17775,-0.0,0.05
boxcar,0.05,17785,-0.0,0.05
boxcar,0.05,17795,-0.0,0.05
boxcar,0.05,17805,-0.0,0.05
boxcar,0.05,17815,-0.0,0.05
boxcar,0.05,17825,-0.0,0.05
boxcar,0.05,17835,-0.0,0.05
boxcar,0.05,17845,-0.0,0.05
boxcar,0.05,17855,-0.0,0.05
boxcar,0.05,17865,-0.0,0.05
boxcar,0.05,17875,-0.0,0.05
boxcar,0.05,17885,-0.0,0.05
boxcar,0.05,17895,-0.0,0.05
boxcar,0.05,17905,-0.0,0.05
boxcar,0.05,17915,-0.0,0.05
boxcar,0.05,17925,-0.0,0.05
boxcar,0.05,17935,-0.0,0.05
boxcar,0.05,17945,-0.0,0.05
boxcar,0.05,17955,-0.0,0.05
boxcar,0.05,17965,-0.0,0.05
boxcar,0.05,17975,-0.0,0.05
boxcar,0.05,17985,-0.0,0.05
boxcar,0.05,17995,-0.0,0.05
boxcar,0.05,18005,-0.0,0.05
boxcar,0.05,18015,-0.0,0.05
boxcar,0.05,18025,-0.0,0.05
boxcar,0.05,18035,-0.0,0.05
boxcar,0.05,18045,-0.0,0.05
boxcar,0.05,18055,-0.0,0.05
boxcar,0.05,18065,-0.0,0.05
boxcar,0.05,18075,-0.0,0.05
boxcar,0.05,18085,-0.0,0.05
boxcar,0.05,18095,-0.0,0.05
boxcar,0.05,18105,-0.0,0.05
boxcar,0.05,18115,-0.0,0.05
boxcar,0.05,18125,-0.0,0.05
boxcar,0.05,18135,-0.0,0.05
boxcar,0.05,18145,-0.0,0.05
boxcar,0.05,18155,-0.0,0.05
boxcar,0.05,18165,-0.0,0.05
boxcar,0.05,18175,-0.0,0.05
boxcar,0.05,18185,-0.0,0.05
boxcar,0.05,18195,-0.0,0.05
boxcar,0.05,18205,-0.0,0.05
boxcar,0.05,18215,-0.0,0.05
boxcar,0.05,18225,-0.0,0.05
boxcar,0.05,18235,-0.0,0.05
boxcar,0.05,18245,-0.0,0.05
boxcar,0.05,18255,-0.0,0.05
boxcar,0.05,18265,-0.0,0.05
boxcar,0.05,18275,-0.0,0.05
boxcar,0.05,18285,-0.0,0.05
boxcar,0.05,18295,-0.0,0.05
boxcar,0.05,18305,-0.0,0.05
boxcar,0.05,18315,-0.0,0.05
boxcar,0.05,18325,-0.0,0.05
boxcar,0.05,18335,-0.0,0.05
boxcar,0.05,18345,-0.0,0.05
boxcar,0.05,18355,-0.0,0.05
boxcar,0.05,18365,-0.0,0.05
boxcar,0.05,18375,-0.0,0.05
boxcar,0.05,18385,-0.0,0.05
boxcar,0.05,18395,-0.0,0.05
boxcar,0.05,18405,-0.0,0.05
boxcar,0.05,18415,-0.0,0.05
boxcar,0.05,18425,-0.0,0.05
boxcar,0.05,18435,-0.0,0.05
boxcar,0.05,18445,-0.0,0.05
boxcar,0.05,18455,-0.0,0.05
boxcar,0.05,18465,-0.0,0.05
boxcar,0.05,18475,-0.0,0.05
boxcar,0.05,18485,-0.0,0.05
boxcar,0.05,18495,-0.0,0.05
boxcar,0.05,18505,-0.0,0.05
boxcar,0.05,18515,-0.0,0.05
boxcar,0.05,18525,-0.0,0.05
boxcar,0.05,18535,-0.0,0.05
boxcar,0.05,18545,-0.0,0.05
boxcar,0.05,18555,-0.0,0.05
boxcar,0.05,18565,-0.0,0.05
boxcar,0.05,18575,-0.0,0.05
boxcar,0.05,18585,-0.0,0.05
boxcar,0.05,18595,-0.0,0.05
boxcar,0.05,18605,-0.0,0.05
boxcar,0.05,18615,-0.0,0.05
boxcar,0.05,18625,-0.0,0.05
boxcar,0.05,18635,-0.0,0.05
boxcar,0.05,18645,-0.0,0.05
boxcar,0.05,18655,-0.0,0.05
boxcar,0.05,18665,-0.0,0.05
boxcar,0.05,18675,-0.0,0.05
boxcar,0.05,18685,-0.0,0.05
boxcar,0.05,18695,-0.0,0.05
boxcar,0.05,18705,-0.0,0.05
boxcar,0.05,18715,-0.0,0.05
boxcar,0.05,18725,-0.0,0.05
boxcar,0.05,18735,-0.0,0.05
boxcar,0.05,18745,-0.0,0.05
boxcar,0.05,18755,-0.0,0.05
boxcar,0.05,18765,-0.0,0.05
boxcar,0.05,18775,-0.0,0.05
boxcar,0.05,18785,-0.0,0.05
boxcar,0.05,18795,-0.0,0.05
boxcar,0.05,18805,-0.0,0.05
boxcar,0.05,18815,-0.0,0.05
boxcar,0.05,18825,-0.0,0.05
boxcar,0.05,18835,-0.0,0.05
boxcar,0.05,18845,-0.0,0.05
boxcar,0.05,18855,-0.0,0.05
boxcar,0.05,18865,-0.0,0.05
boxcar,0.05,18875,-0.0,0.05
boxcar,0.05,18885,-0.0,0.05
boxcar,0.05,18895,-0.0,0.05
boxcar,0.05,18905,-0.0,0.05
boxcar,0.05,18915,-0.0,0.05
boxcar,0.05,18925,-0.0,0.05
boxcar,0.05,18935,-0.0,0.05
boxcar,0.05,18945,-0.0,0.05
boxcar,0.05,18955,-0.0,0.05
boxcar,0.05,18965,-0.0,0.05
boxcar,0.05,18975,-0.0,0.05
boxcar,0.05,18985,-0.0,0.05
boxcar,0.05,18995,-0.0,0.05
boxcar,0.05,19005,-0.0,0.05
boxcar,0.05,19015,-0.0,0.05
boxcar,0.05,19025,-0.0,0.05
boxcar,0.05,19035,-0.0,0.05
boxcar,0.05,19045,-0.0,0.05
boxcar,0.05,19055,-0.0,0.05
boxcar,0.05,19065,-0.0,0.05
boxcar,0.05,19075,-0.0,0.05
boxcar,0.05,19085,-0.0,0.05
boxcar,0.05,19095,-0.0,0.05
boxcar,0.05,19105,-0.0,0.05
boxcar,0.05,19115,-0.0,0.05
boxcar,0.06,19125,-0.0,0.05
boxcar,0.06,19135,-0.0,0.05
boxcar,0.06,19145,-0.0,0.05
boxcar,0.06,19155,-0.0,0.05
boxcar,0.06,19165,-0.0,0.05
boxcar,0.06,19175,-0.0,0.05
boxcar,0.06,19185,-0.0,0.05
boxcar,0.06,19195,-0.0,0.05
boxcar,0.06,19205,-0.0,0.05
boxcar,0.06,19215,-0.0,0.05
boxcar,0.06,19225,-0.0,0.05
boxcar,0.06,19235,-0.0,0.05
boxcar,0.06,19245,-0.0,0.05
boxcar,0.06,19255,-0.0,0.05
boxcar,0.06,19265,-0.0,0.05
boxcar,0.06,19275,-0.0,0.05
boxcar,0.06,19285,-0.0,0.05
boxcar,0.06,19295,-0.0,0.05
boxcar,0.06,19305,-0.0,0.05
boxcar,0.06,19315,-0.0,0.05
boxcar,0.06,19325,-0.0,0.05
boxcar,0.06,19335,-0.0,0.05
boxcar,0.06,19345,-0.0,0.05
boxcar,0.06,19355,-0.0,0.05
boxcar,0.06,19365,-0.0,0.05
boxcar,0.06,19375,-0.0,0.05
boxcar,0.06,19385,-0.0,0.05
boxcar,0.06,19395,-0.0,0.05
boxcar,0.06,19405,-0.0,0.05
boxcar,0.06,19415,-0.0,0.05
boxcar,0.06,19425,-0.0,0.05
boxcar,0.06,19435,-1.54,0.0
boxcar,0.06,19445,-24.32,0.0
boxcar,0.06,19455,-55.99,0.0
boxcar,0.06,19465,-71.2,0.0
boxcar,0.06,19475,-63.47,0.0
boxcar,0.06,19485,-36.46,0.0
boxcar,0.06,19495,-8.56,0.0
boxcar,0.06,19505,3.97,0.0
boxcar,0.06,19515,5.4,0.0
boxcar,0.06,19525,2.14,0.0
boxcar,0.06,19535,0.66,0.0
boxcar,0.06,19545,0.2,0.0
boxcar,0.06,19555,0.06,0.0
boxcar,0.06,19565,0.02,0.0
boxcar,0.06,19575,0.01,0.0
boxcar,0.06,19585,0.0,0.0
boxcar,0.06,19595,0.0,0.0
boxcar,0.06,19605,0.0,0.0
boxcar,0.06,19615,0.0,0.0
boxcar,0.06,19625,0.0,0.0
boxcar,0.06,19635,0.0,0.0
boxcar,0.06,19645,5.65,0.06
boxcar,0.06,19655,41.04,0.06
boxcar,0.06,19665,79.85,0.06
boxcar,0.06,19675,95.04,0.06
boxcar,0.06,19685,76.26,0.06
boxcar,0.06,19695,40.56,0.06
boxcar,0.06,19705,13.05,0.06
boxcar,0.06,19715,4.0,0.06
boxcar,0.06,19725,1.22,0.06
boxcar,0.06,19735,0.37,0.06
boxcar,0.06,19745,0.11,0.06
boxcar,0.06,19755,0.04,0.06
boxcar,0.06,19765,0.01,0.06
boxcar,0.06,19775,0.0,0.06
boxcar,0.06,19785,0.0,0.06
boxcar,0.06,19795,0.0,0.06
boxcar,0.06,19805,0.0,0.06
boxcar,0.06,19815,0.0,0.06
boxcar,0.06,19825,0.0,0.06
boxcar,0.06,19835,0.0,0.06
boxcar,0.06,19845,0.0,0.06
boxcar,0.06,19855,0.0,0.06
boxcar,0.06,19865,0.0,0.06
boxcar,0.06,19875,0.0,0.06
boxcar,0.06,19885,0.0,0.06
boxcar,0.06,19895,0.0,0.06
boxcar,0.06,19905,0.0,0.06
boxcar,0.06,19915,0.0,0.06
boxcar,0.06,19925,0.0,0.06
boxcar,0.06,19935,0.0,0.06
boxcar,0.06,19945,0.0,0.06
boxcar,0.06,19955,0.0,0.06
boxcar,0.06,19965,0.0,0.06
boxcar,0.06,19975,0.0,0.06
boxcar,0.06,19985,0.0,0.06
boxcar,0.06,19995,0.0,0.06
boxcar,0.06,20005,0.0,0.06
boxcar,0.06,20015,0.0,0.06
boxcar,0.06,20025,0.0,0.06
boxcar,0.06,20035,0.0,0.06
boxcar,0.06,20045,0.0,0.06
boxcar,0.06,20055,0.0,0.06
boxcar,0.06,20065,0.0,0.06
boxcar,0.06,20075,0.0,0.06
boxcar,0.06,20085,0.0,0.06
boxcar,0.06,20095,0.0,0.06
boxcar,0.06,20105,0.0,0.06
boxcar,0.06,20115,0.0,0.06
boxcar,0.06,20125,0.0,0.06
boxcar,0.06,20135,0.0,0.06
boxcar,0.06,20145,0.0,0.06
boxcar,0.06,20155,0.0,0.06
boxcar,0.06,20165,0.0,0.06
boxcar,0.06,20175,0.0,0.06
boxcar,0.06,20185,0.0,0.06
boxcar,0.06,20195,0.0,0.06
boxcar,0.06,20205,0.0,0.06
boxcar,0.06,20215,0.0,0.06
boxcar,0.06,20225,0.0,0.06
boxcar,0.06,20235,0.0,0.06
boxcar,0.06,20245,0.0,0.06
boxcar,0.06,20255,0.0,0.06
boxcar,0.06,20265,0.0,0.06
boxcar,0.06,20275,0.0,0.06
boxcar,0.06,20285,0.0,0.06
boxcar,0.06,20295,0.0,0.06
boxcar,0.06,20305,0.0,0.06
boxcar,0.06,20315,0.0,0.06
boxcar,0.06,20325,0.0,0.06
boxcar,0.06,20335,0.0,0.06
boxcar,0.06,20345,0.0,0.06
boxcar,0.06,20355,0.0,0.06
boxcar,0.06,20365,0.0,0.06
boxcar,0.06,20375,0.0,0.06
boxcar,0.06,20385,0.0,0.06
boxcar,0.06,20395,0.0,0.06
boxcar,0.06,20405,0.0,0.06
boxcar,0.06,20415,0.0,0.06
boxcar,0.06,20425,0.0,0.06
boxcar,0.06,20435,0.0,0.06
boxcar,0.06,20445,0.0,0.06
boxcar,0.06,20455,0.0,0.06
boxcar,0.06,20465,0.0,0.06
boxcar,0.06,20475,0.0,0.06
boxcar,0.06,20485,0.0,0.06
boxcar,0.06,20495,0.0,0.06
boxcar,0.06,20505,0.0,0.06
boxcar,0.06,20515,0.0,0.06
boxcar,0.06,20525,0.0,0.06
boxcar,0.06,20535,0.0,0.06
boxcar,0.06,20545,0.0,0.06
boxcar,0.06,20555,0.0,0.06
boxcar,0.06,20565,0.0,0.06
boxcar,0.06,20575,0.0,0.06
boxcar,0.06,20585,0.0,0.06
boxcar,0.06,20595,0.0,0.06
boxcar,0.06,20605,0.0,0.06
boxcar,0.06,20615,0.0,0.06
boxcar,0.06,20625,0.0,0.06
boxcar,0.06,20635,0.0,0.06
boxcar,0.06,20645,0.0,0.06
boxcar,0.06,20655,0.0,0.06
boxcar,0.06,20665,0.0,0.06
boxcar,0.06,20675,0.0,0.06
boxcar,0.06,20685,0.0,0.06
boxcar,0.06,20695,0.0,0.06
boxcar,0.06,20705,0.0,0.06
boxcar,0.06,20715,0.0,0.06
boxcar,0.06,20725,0.0,0.06
boxcar,0.06,20735,0.0,0.06
boxcar,0.06,20745,0.0,0.06
boxcar,0.06,20755,0.0,0.06
boxcar,0.06,20765,0.0,0.06
boxcar,0.06,20775,0.0,0.06
boxcar,0.06,20785,0.0,0.06
boxcar,0.06,20795,0.0,0.06
boxcar,0.06,20805,0.0,0.06
boxcar,0.06,20815,0.0,0.06
boxcar,0.06,20825,0.0,0.06
boxcar,0.06,20835,0.0,0.06
boxcar,0.06,20845,0.0,0.06
boxcar,0.06,20855,0.0,0.06
boxcar,0.06,20865,0.0,0.06
boxcar,0.06,20875,0.0,0.06
boxcar,0.06,20885,0.0,0.06
boxcar,0.06,20895,0.0,0.06
boxcar,0.06,20905,0.0,0.06
boxcar,0.06,20915,0.0,0.06
boxcar,0.06,20925,0.0,0.06
boxcar,0.06,20935,0.0,0.06
boxcar,0.06,20945,0.0,0.06
boxcar,0.06,20955,0.0,0.06
boxcar,0.06,20965,0.0,0.06
boxcar,0.06,20975,0.0,0.06
boxcar,0.06,20985,0.0,0.06
boxcar,0.06,20995,0.0,0.06
boxcar,0.06,21005,0.0,0.06
boxcar,0.06,21015,0.0,0.06
boxcar,0.06,21025,0.0,0.06
boxcar,0.06,21035,0.0,0.06
boxcar,0.06,21045,0.0,0.06
boxcar,0.06,21055,0.0,0.06
boxcar,0.06,21065,0.0,0.06
boxcar,0.06,21075,0.0,0.06
boxcar,0.06,21085,0.0,0.06
boxcar,0.06,21095,0.0,0.06
boxcar,0.06,21105,0.0,0.06
boxcar,0.06,21115,0.0,0.06
boxcar,0.06,21125,0.0,0.06
boxcar,0.06,21135,0.0,0.06
boxcar,0.06,21145,0.0,0.06
boxcar,0.06,21155,0.0,0.06
boxcar,0.06,21165,0.0,0.06
boxcar,0.06,21175,0.0,0.06
boxcar,0.06,21185,0.0,0.06
boxcar,0.06,21195,0.0,0.06
boxcar,0.06,21205,0.0,0.06
boxcar,0.06,21215,0.0,0.06
boxcar,0.06,21225,0.0,0.06
boxcar,0.06,21235,0.0,0.06
boxcar,0.06,21245,0.0,0.06
boxcar,0.06,21255,0.0,0.06
boxcar,0.06,21265,0.0,0.06
boxcar,0.06,21275,0.0,0.06
boxcar,0.06,21285,0.0,0.06
boxcar,0.06,21295,0.0,0.06
boxcar,0.06,21305,0.0,0.06
boxcar,0.06,21315,0.0,0.06
boxcar,0.06,21325,0.0,0.06
boxcar,0.06,21335,0.0,0.06
boxcar,0.06,21345,0.0,0.06
boxcar,0.06,21355,0.0,0.06
boxcar,0.06,21365,0.0,0.06
boxcar,0.06,21375,0.0,0.06
boxcar,0.06,21385,0.0,0.06
boxcar,0.06,21395,0.0,0.06
boxcar,0.06,21405,0.0,0.06
boxcar,0.06,21415,0.0,0.06
boxcar,0.06,21425,0.0,0.06
boxcar,0.06,21435,0.0,0.06
boxcar,0.06,21445,0.0,0.06
boxcar,0.06,21455,0.0,0.06
boxcar,0.06,21465,0.0,0.06
boxcar,0.06,21475,0.0,0.06
boxcar,0.06,21485,0.0,0.06
boxcar,0.06,21495,0.0,0.06
boxcar,0.06,21505,0.0,0.06
boxcar,0.06,21515,0.0,0.06
boxcar,0.06,21525,0.0,0.06
boxcar,0.06,21535,0.0,0.06
boxcar,0.06,21545,0.0,0.06
boxcar,0.06,21555,0.0,0.06
boxcar,0.06,21565,0.0,0.06
boxcar,0.06,21575,0.0,0.06
boxcar,0.06,21585,0.0,0.06
boxcar,0.06,21595,0.0,0.06
boxcar,0.06,21605,0.0,0.06
boxcar,0.06,21615,0.0,0.06
boxcar,0.06,21625,0.0,0.06
boxcar,0.06,21635,0.0,0.06
boxcar,0.06,21645,0.0,0.06
boxcar,0.06,21655,0.0,0.06
boxcar,0.06,21665,0.0,0.06
boxcar,0.06,21675,0.0,0.06
boxcar,0.06,21685,0.0,0.06
boxcar,0.06,21695,0.0,0.06
boxcar,0.06,21705,0.0,0.06
boxcar,0.06,21715,0.0,0.06
boxcar,0.06,21725,0.0,0.06
boxcar,0.06,21735,0.0,0.06
boxcar,0.06,21745,0.0,0.06
boxcar,0.06,21755,0.0,0.06
boxcar,0.06,21765,0.0,0.06
boxcar,0.06,21775,0.0,0.06
boxcar,0.06,21785,0.0,0.06
boxcar,0.06,21795,0.0,0.06
boxcar,0.06,21805,0.0,0.06
boxcar,0.06,21815,0.0,0.06
boxcar,0.06,21825,0.0,0.06
boxcar,0.06,21835,0.0,0.06
boxcar,0.06,21845,0.0,0.06
boxcar,0.06,21855,0.0,0.06
boxcar,0.06,21865,0.0,0.06
boxcar,0.06,21875,0.0,0.06
boxcar,0.06,21885,0.0,0.06
boxcar,0.06,21895,0.0,0.06
boxcar,0.06,21905,0.0,0.06
boxcar,0.06,21915,0.0,0.06
boxcar,0.06,21925,0.0,0.06
boxcar,0.06,21935,0.0,0.06
boxcar,0.06,21945,0.0,0.06
boxcar,0.06,21955,0.0,0.06
boxcar,0.06,21965,0.0,0.06
boxcar,0.06,21975,0.0,0.06
boxcar,0.06,21985,0.0,0.06
boxcar,0.06,21995,0.0,0.06
boxcar,0.06,22005,0.0,0.06
boxcar,0.06,22015,0.0,0.06
boxcar,0.06,22025,0.0,0.06
boxcar,0.06,22035,0.0,0.06
boxcar,0.06,22045,0.0,0.06
boxcar,0.06,22055,0.0,0.06
boxcar,0.06,22065,0.0,0.06
boxcar,0.06,22075,0.0,0.06
boxcar,0.06,22085,0.0,0.06
boxcar,0.06,22095,0.0,0.06
boxcar,0.06,22105,0.0,0.06
boxcar,0.06,22115,0.0,0.06
boxcar,0.06,22125,0.0,0.06
boxcar,0.06,22135,0.0,0.06
boxcar,0.06,22145,0.0,0.06
boxcar,0.06,22155,0.0,0.06
boxcar,0.06,22165,0.0,0.06
boxcar,0.06,22175,0.0,0.06
boxcar,0.06,22185,0.0,0.06
boxcar,0.06,22195,0.0,0.06
boxcar,0.06,22205,0.0,0.06
boxcar,0.06,22215,0.0,0.06
boxcar,0.06,22225,0.0,0.06
boxcar,0.06,22235,0.0,0.06
boxcar,0.06,22245,0.0,0.06
boxcar,0.06,22255,0.0,0.06
boxcar,0.06,22265,0.0,0.06
boxcar,0.06,22275,0.0,0.06
boxcar,0.06,22285,0.0,0.06
boxcar,0.06,22295,0.0,0.06
boxcar,0.06,22305,0.0,0.06
boxcar,0.06,22315,0.0,0.06
boxcar,0.06,22325,0.0,0.06
boxcar,0.06,22335,0.0,0.06
boxcar,0.06,22345,0.0,0.06
boxcar,0.06,22355,0.0,0.06
boxcar,0.06,22365,0.0,0.06
boxcar,0.06,22375,0.0,0.06
boxcar,0.06,22385,0.0,0.06
boxcar,0.06,22395,0.0,0.06
boxcar,0.06,22405,0.0,0.06
boxcar,0.06,22415,0.0,0.06
boxcar,0.06,22425,0.0,0.06
boxcar,0.06,22435,0.0,0.06
boxcar,0.06,22445,0.0,0.06
boxcar,0.06,22455,0.0,0.06
boxcar,0.06,22465,0.0,0.06
boxcar,0.06,22475,0.0,0.06
boxcar,0.06,22485,0.0,0.06
boxcar,0.06,22495,0.0,0.06
boxcar,0.06,22505,0.0,0.06
boxcar,0.06,22515,0.0,0.06
boxcar,0.06,22525,0.0,0.06
boxcar,0.06,22535,0.0,0.06
boxcar,0.06,22545,0.0,0.06
boxcar,0.06,22555,0.0,0.06
boxcar,0.06,22565,0.0,0.06
boxcar,0.06,22575,0.0,0.06
boxcar,0.06,22585,0.0,0.06
boxcar,0.06,22595,0.0,0.06
boxcar,0.06,22605,0.0,0.06
boxcar,0.06,22615,0.0,0.06
boxcar,0.06,22625,0.0,0.06
boxcar,0.06,22635,0.0,0.06
boxcar,0.06,22645,0.0,0.06
boxcar,0.06,22655,0.0,0.06
boxcar,0.06,22665,0.0,0.06
boxcar,0.06,22675,0.0,0.06
boxcar,0.06,22685,0.0,0.06
boxcar,0.06,22695,0.0,0.06
boxcar,0.06,22705,0.0,0.06
boxcar,0.06,22715,0.0,0.06
boxcar,0.06,22725,0.0,0.06
boxcar,0.06,22735,0.0,0.06
boxcar,0.06,22745,0.0,0.06
boxcar,0.06,22755,0.0,0.06
boxcar,0.06,22765,0.0,0.06
boxcar,0.06,22775,0.0,0.06
boxcar,0.06,22785,0.0,0.06
boxcar,0.06,22795,0.0,0.06
boxcar,0.06,22805,0.0,0.06
boxcar,0.06,22815,0.0,0.06
boxcar,0.06,22825,0.0,0.06
boxcar,0.06,22835,0.0,0.06
boxcar,0.06,22845,0.0,0.06
boxcar,0.06,22855,0.0,0.06
boxcar,0.06,22865,0.0,0.06
boxcar,0.06,22875,0.0,0.06
boxcar,0.06,22885,0.0,0.06
boxcar,0.06,22895,0.0,0.06
boxcar,0.06,22905,0.0,0.06
boxcar,0.06,22915,0.0,0.06
boxcar,0.06,22925,0.0,0.06
boxcar,0.06,22935,0.0,0.06
boxcar,0.06,22945,0.0,0.06
boxcar,0.06,22955,0.0,0.06
boxcar,0.06,22965,0.0,0.06
boxcar,0.06,22975,0.0,0.06
boxcar,0.06,22985,0.0,0.06
boxcar,0.06,22995,0.0,0.06
boxcar,0.06,23005,0.0,0.06
boxcar,0.06,23015,0.0,0.06
boxcar,0.06,23025,0.0,0.06
boxcar,0.06,23035,0.0,0.06
boxcar,0.06,23045,0.0,0.06
boxcar,0.06,23055,0.0,0.06
boxcar,0.06,23065,0.0,0.06
boxcar,0.06,23075,0.0,0.06
boxcar,0.06,23085,0.0,0.06
boxcar,0.06,23095,0.0,0.06
boxcar,0.06,23105,0.0,0.06
boxcar,0.06,23115,0.0,0.06
boxcar,0.06,23125,0.0,0.06
boxcar,0.06,23135,0.0,0.06
boxcar,0.06,23145,0.0,0.06
boxcar,0.06,23155,0.0,0.06
boxcar,0.06,23165,0.0,0.06
boxcar,0.06,23175,0.0,0.06
boxcar,0.06,23185,0.0,0.06
boxcar,0.06,23195,0.0,0.06
boxcar,0.06,23205,0.0,0.06
boxcar,0.06,23215,0.0,0.06
boxcar,0.06,23225,0.0,0.06
boxcar,0.06,23235,0.0,0.06
boxcar,0.06,23245,0.0,0.06
boxcar,0.06,23255,0.0,0.06
boxcar,0.06,23265,0.0,0.06
boxcar,0.06,23275,0.0,0.06
boxcar,0.06,23285,0.0,0.06
boxcar,0.06,23295,0.0,0.06
boxcar,0.06,23305,0.0,0.06
boxcar,0.06,23315,0.0,0.06
boxcar,0.06,23325,0.0,0.06
boxcar,0.06,23335,0.0,0.06
boxcar,0.06,23345,0.0,0.06
boxcar,0.06,23355,0.0,0.06
boxcar,0.06,23365,0.0,0.06
boxcar,0.06,23375,0.0,0.06
boxcar,0.06,23385,0.0,0.06
boxcar,0.06,23395,0.0,0.06
boxcar,0.06,23405,0.0,0.06
boxcar,0.06,23415,0.0,0.06
boxcar,0.06,23425,0.0,0.06
boxcar,0.06,23435,0.0,0.06
boxcar,0.06,23445,0.0,0.06
boxcar,0.06,23455,0.0,0.06
boxcar,0.06,23465,0.0,0.06
boxcar,0.06,23475,0.0,0.06
boxcar,0.06,23485,0.0,0.06
boxcar,0.06,23495,0.0,0.06
boxcar,0.06,23505,0.0,0.06
boxcar,0.06,23515,0.0,0.06
boxcar,0.06,23525,0.0,0.06
boxcar,0.06,23535,0.0,0.06
boxcar,0.06,23545,0.0,0.06
boxcar,0.06,23555,0.0,0.06
boxcar,0.06,23565,0.0,0.06
boxcar,0.06,23575,0.0,0.06
boxcar,0.06,23585,0.0,0.06
boxcar,0.06,23595,0.0,0.06
boxcar,0.06,23605,0.0,0.06
boxcar,0.06,23615,0.0,0.06
boxcar,0.06,23625,0.0,0.06
boxcar,0.06,23635,0.0,0.06
boxcar,0.06,23645,0.0,0.06
boxcar,0.06,23655,0.0,0.06
boxcar,0.06,23665,0.0,0.06
boxcar,0.06,23675,0.0,0.06
boxcar,0.06,23685,0.0,0.06
boxcar,0.06,23695,0.0,0.06
boxcar,0.08,23705,0.0,0.0
boxcar,0.08,23715,-10.65,0.0
boxcar,0.08,23725,-58.21,0.0
boxcar,0.08,23735,-104.51,0.0
boxcar,0.08,23745,-121.87,0.0
boxcar,0.08,23755,-97.87,0.0
boxcar,0.08,23765,-43.01,0.0
boxcar,0.08,23775,5.68,0.0
boxcar,0.08,23785,36.59,0.0
boxcar,0.08,23795,44.41,0.0
boxcar,0.08,23805,31.18,0.0
boxcar,0.08,23815,10.87,0.0
boxcar,0.08,23825,3.33,0.0
boxcar,0.08,23835,1.02,0.0
boxcar,0.08,23845,0.31,0.0
boxcar,0.08,23855,0.1,0.0
boxcar,0.08,23865,0.03,0.0
boxcar,0.08,23875,0.01,0.0
boxcar,0.08,23885,0.0,0.0
boxcar,0.08,23895,0.0,0.0
boxcar,0.08,23905,0.0,0.0
boxcar,0.08,23915,0.0,0.0
boxcar,0.08,23925,0.0,0.0
boxcar,0.08,23935,0.0,0.0
boxcar,0.08,23945,0.0,0.0
boxcar,0.08,23955,0.0,0.0
boxcar,0.08,23965,0.0,0.0
boxcar,0.08,23975,0.0,0.0
boxcar,0.08,23985,0.0,0.0
boxcar,0.08,23995,0.0,0.0
boxcar,0.08,24005,0.0,0.0
boxcar,0.08,24015,0.0,0.0
boxcar,0.08,24025,0.0,0.0
boxcar,0.08,24035,0.0,0.0
boxcar,0.08,24045,0.0,0.0
boxcar,0.08,24055,0.0,0.0
boxcar,0.08,24065,0.0,0.0
boxcar,0.08,24075,0.0,0.0
boxcar,0.08,24085,0.0,0.0
boxcar,0.08,24095,0.0,0.0
boxcar,0.08,24105,0.0,0.0
boxcar,0.08,24115,0.0,0.0
boxcar,0.08,24125,0.0,0.0
boxcar,0.08,24135,0.0,0.0
boxcar,0.08,24145,0.0,0.0
boxcar,0.08,24155,0.0,0.0
boxcar,0.08,24165,0.0,0.0
boxcar,0.08,24175,0.0,0.0
boxcar,0.08,24185,0.0,0.0
boxcar,0.08,24195,0.0,0.0
boxcar,0.08,24205,0.0,0.0
boxcar,0.08,24215,0.0,0.0
boxcar,0.08,24225,0.0,0.0
boxcar,0.08,24235,0.0,0.0
boxcar,0.08,24245,0.0,0.0
boxcar,0.08,24255,0.0,0.0
boxcar,0.08,24265,0.0,0.0
boxcar,0.08,24275,0.0,0.0
boxcar,0.08,24285,0.0,0.0
boxcar,0.08,24295,0.0,0.0
boxcar,0.08,24305,0.0,0.0
boxcar,0.08,24315,0.0,0.0
boxcar,0.08,24325,0.0,0.0
boxcar,0.08,24335,0.0,0.0
boxcar,0.08,24345,0.0,0.0
boxcar,0.08,24355,0.0,0.0
boxcar,0.08,24365,0.0,0.0
boxcar,0.08,24375,0.0,0.0
boxcar,0.08,24385,0.0,0.0
boxcar,0.08,24395,0.0,0.0
boxcar,0.08,24405,0.0,0.0
boxcar,0.08,24415,0.0,0.0
boxcar,0.08,24425,0.0,0.0
boxcar,0.08,24435,0.0,0.0
boxcar,0.08,24445,0.0,0.0
boxcar,0.08,24455,0.0,0.0
boxcar,0.08,24465,0.0,0.0
boxcar,0.08,24475,0.0,0.0
boxcar,0.08,24485,0.0,0.0
boxcar,0.08,24495,0.0,0.0
boxcar,0.08,24505,0.0,0.0
boxcar,0.08,24515,0.0,0.0
boxcar,0.08,24525,0.0,0.0
boxcar,0.08,24535,0.0,0.0
boxcar,0.08,24545,0.0,0.0
boxcar,0.08,24555,0.0,0.0
boxcar,0.08,24565,0.0,0.0
boxcar,0.08,24575,0.0,0.0
boxcar,0.08,24585,0.0,0.0
boxcar,0.08,24595,0.0,0.0
boxcar,0.08,24605,0.0,0.0
boxcar,0.08,24615,0.0,0.0
boxcar,0.08,24625,0.0,0.0
boxcar,0.08,24635,0.0,0.0
boxcar,0.08,24645,0.0,0.0
boxcar,0.08,24655,0.0,0.0
boxcar,0.08,24665,0.0,0.0
boxcar,0.08,24675,0.0,0.0
boxcar,0.08,24685,0.0,0.0
boxcar,0.08,24695,0.0,0.0
boxcar,0.08,24705,0.0,0.0
boxcar,0.08,24715,0.0,0.0
boxcar,0.08,24725,0.0,0.0
boxcar,0.08,24735,0.0,0.0
boxcar,0.08,24745,0.0,0.0
boxcar,0.08,24755,0.0,0.0
boxcar,0.08,24765,0.0,0.0
boxcar,0.08,24775,0.0,0.0
boxcar,0.08,24785,0.0,0.0
boxcar,0.08,24795,0.0,0.0
boxcar,0.08,24805,0.0,0.0
boxcar,0.08,24815,0.0,0.0
boxcar,0.08,24825,0.0,0.0
boxcar,0.08,24835,0.0,0.0
boxcar,0.08,24845,0.0,0.0
boxcar,0.08,24855,0.0,0.0
boxcar,0.08,24865,0.0,0.0
boxcar,0.08,24875,0.0,0.0
boxcar,0.08,24885,0.0,0.0
boxcar,0.08,24895,0.0,0.0
boxcar,0.08,24905,0.0,0.0
boxcar,0.08,24915,0.0,0.0
boxcar,0.08,24925,0.0,0.0
boxcar,0.08,24935,0.0,0.0
boxcar,0.08,24945,0.0,0.0
boxcar,0.08,24955,0.0,0.0
boxcar,0.08,24965,0.0,0.0
boxcar,0.08,24975,0.0,0.0
boxcar,0.08,24985,0.0,0.0
boxcar,0.08,24995,0.0,0.0
boxcar,0.08,25005,0.0,0.0
boxcar,0.08,25015,0.0,0.0
boxcar,0.08,25025,0.0,0.0
boxcar,0.08,25035,0.0,0.0
boxcar,0.08,25045,0.0,0.0
boxcar,0.08,25055,0.0,0.0
boxcar,0.08,25065,0.0,0.0
boxcar,0.08,25075,0.0,0.0
boxcar,0.08,25085,0.0,0.0
boxcar,0.08,25095,0.0,0.0
boxcar,0.08,25105,0.0,0.0
boxcar,0.08,25115,0.0,0.0
boxcar,0.08,25125,0.0,0.0
boxcar,0.08,25135,0.0,0.0
boxcar,0.08,25145,0.0,0.0
boxcar,0.08,25155,0.0,0.0
boxcar,0.08,25165,0.0,0.0
boxcar,0.08,25175,0.0,0.0
boxcar,0.08,25185,0.0,0.0
boxcar,0.08,25195,0.0,0.0
boxcar,0.08,25205,0.0,0.0
boxcar,0.08,25215,0.0,0.0
boxcar,0.08,25225,0.0,0.0
boxcar,0.08,25235,0.0,0.0
boxcar,0.08,25245,0.0,0.0
boxcar,0.08,25255,0.0,0.0
boxcar,0.08,25265,0.0,0.0
boxcar,0.08,25275,0.0,0.0
boxcar,0.08,25285,0.0,0.0
boxcar,0.08,25295,0.0,0.0
boxcar,0.08,25305,0.0,0.0
boxcar,0.08,25315,0.0,0.0
boxcar,0.08,25325,0.0,0.0
boxcar,0.08,25335,0.0,0.0
boxcar,0.08,25345,0.0,0.0
boxcar,0.08,25355,0.0,0.0
boxcar,0.08,25365,0.0,0.0
boxcar,0.08,25375,0.0,0.0
boxcar,0.08,25385,0.0,0.0
boxcar,0.08,25395,0.0,0.0
boxcar,0.08,25405,0.0,0.0
boxcar,0.08,25415,0.0,0.0
boxcar,0.08,25425,0.0,0.0
boxcar,0.08,25435,0.0,0.0
boxcar,0.08,25445,0.0,0.0
boxcar,0.08,25455,0.0,0.0
boxcar,0.08,25465,0.0,0.0
boxcar,0.08,25475,0.0,0.0
boxcar,0.08,25485,0.0,0.0
boxcar,0.08,25495,0.0,0.0
boxcar,0.08,25505,0.0,0.0
boxcar,0.08,25515,0.0,0.0
boxcar,0.08,25525,0.0,0.0
boxcar,0.08,25535,0.0,0.0
boxcar,0.08,25545,0.0,0.0
boxcar,0.08,25555,0.0,0.0
boxcar,0.08,25565,0.0,0.0
boxcar,0.08,25575,0.0,0.0
boxcar,0.08,25585,0.0,0.0
boxcar,0.08,25595,0.0,0.0
boxcar,0.08,25605,0.0,0.0
boxcar,0.08,25615,0.0,0.0
boxcar,0.08,25625,0.0,0.0
boxcar,0.08,25635,0.0,0.0
boxcar,0.08,25645,0.0,0.0
boxcar,0.08,25655,0.0,0.0
boxcar,0.08,25665,0.0,0.0
boxcar,0.08,25675,0.0,0.0
boxcar,0.08,25685,0.0,0.0
boxcar,0.08,25695,0.0,0.0
boxcar,0.08,25705,0.0,0.0
boxcar,0.08,25715,0.0,0.0
boxcar,0.08,25725,0.0,0.0
boxcar,0.08,25735,0.0,0.0
boxcar,0.08,25745,0.0,0.0
boxcar,0.08,25755,0.0,0.0
boxcar,0.08,25765,0.0,0.0
boxcar,0.08,25775,0.0,0.0
boxcar,0.08,25785,0.0,0.0
boxcar,0.08,25795,0.0,0.0
boxcar,0.08,25805,0.0,0.0
boxcar,0.08,25815,0.0,0.0
boxcar,0.08,25825,0.0,0.0
boxcar,0.08,25835,0.0,0.0
boxcar,0.08,25845,0.0,0.0
boxcar,0.08,25855,0.0,0.0
boxcar,0.08,25865,0.0,0.0
boxcar,0.08,25875,0.0,0.0
boxcar,0.08,25885,0.0,0.0
boxcar,0.08,25895,0.0,0.0
boxcar,0.08,25905,0.0,0.0
boxcar,0.08,25915,0.0,0.0
boxcar,0.08,25925,0.0,0.0
boxcar,0.08,25935,0.0,0.0
boxcar,0.08,25945,0.0,0.0
boxcar,0.08,25955,0.0,0.0
boxcar,0.08,25965,0.0,0.0
boxcar,0.08,25975,0.0,0.0
boxcar,0.08,25985,0.0,0.0
boxcar,0.08,25995,0.0,0.0
boxcar,0.08,26005,0.0,0.0
boxcar,0.08,26015,0.0,0.0
boxcar,0.08,26025,0.0,0.0
boxcar,0.08,26035,0.0,0.0
boxcar,0.08,26045,0.0,0.0
boxcar,0.08,26055,0.0,0.0
boxcar,0.08,26065,0.0,0.0
boxcar,0.08,26075,0.0,0.0
boxcar,0.08,26085,0.0,0.0
boxcar,0.08,26095,0.0,0.0
boxcar,0.08,26105,0.0,0.0
boxcar,0.08,26115,0.0,0.0
boxcar,0.08,26125,0.0,0.0
boxcar,0.08,26135,0.0,0.0
boxcar,0.08,26145,0.0,0.0
boxcar,0.08,26155,0.0,0.0
boxcar,0.08,26165,0.0,0.0
boxcar,0.08,26175,0.0,0.0
boxcar,0.08,26185,0.0,0.0
boxcar,0.08,26195,0.0,0.0
boxcar,0.08,26205,0.0,0.0
boxcar,0.08,26215,0.0,0.0
boxcar,0.08,26225,0.0,0.0
boxcar,0.08,26235,0.0,0.0
boxcar,0.08,26245,0.0,0.0
boxcar,0.08,26255,0.0,0.0
boxcar,0.08,26265,0.0,0.0
boxcar,0.08,26275,0.0,0.0
boxcar,0.08,26285,0.0,0.0
boxcar,0.08,26295,0.0,0.0
boxcar,0.08,26305,0.0,0.0
boxcar,0.08,26315,0.0,0.0
boxcar,0.08,26325,0.0,0.0
boxcar,0.08,26335,0.0,0.0
boxcar,0.08,26345,0.0,0.0
boxcar,0.08,26355,0.0,0.0
boxcar,0.08,26365,0.0,0.0
boxcar,0.08,26375,0.0,0.0
boxcar,0.08,26385,0.0,0.0
boxcar,0.08,26395,0.0,0.0
boxcar,0.08,26405,0.0,0.0
boxcar,0.08,26415,0.0,0.0
boxcar,0.08,26425,0.0,0.0
boxcar,0.08,26435,0.0,0.0
boxcar,0.08,26445,0.0,0.0
boxcar,0.08,26455,0.0,0.0
boxcar,0.08,26465,0.0,0.0
boxcar,0.08,26475,0.0,0.0
boxcar,0.08,26485,0.0,0.0
boxcar,0.08,26495,0.0,0.0
boxcar,0.08,26505,0.0,0.0
boxcar,0.08,26515,0.0,0.0
boxcar,0.08,26525,0.0,0.0
boxcar,0.08,26535,0.0,0.0
boxcar,0.08,26545,0.0,0.0
boxcar,0.08,26555,0.0,0.0
boxcar,0.08,26565,0.0,0.0
boxcar,0.08,26575,0.0,0.0
boxcar,0.08,26585,0.0,0.0
boxcar,0.08,26595,0.0,0.0
boxcar,0.08,26605,0.0,0.0
boxcar,0.08,26615,0.0,0.0
boxcar,0.08,26625,0.0,0.0
boxcar,0.08,26635,0.0,0.0
boxcar,0.08,26645,0.0,0.0
boxcar,0.08,26655,0.0,0.0
boxcar,0.08,26665,0.0,0.0
boxcar,0.08,26675,0.0,0.0
boxcar,0.08,26685,0.0,0.0
boxcar,0.08,26695,0.0,0.0
boxcar,0.08,26705,0.0,0.0
boxcar,0.08,26715,0.0,0.0
boxcar,0.08,26725,0.0,0.0
boxcar,0.08,26735,0.0,0.0
boxcar,0.08,26745,0.0,0.0
boxcar,0.08,26755,0.0,0.0
boxcar,0.08,26765,0.0,0.0
boxcar,0.08,26775,0.0,0.0
boxcar,0.08,26785,0.0,0.0
boxcar,0.08,26795,0.0,0.0
boxcar,0.08,26805,0.0,0.0
boxcar,0.08,26815,0.0,0.0
boxcar,0.08,26825,0.0,0.0
boxcar,0.08,26835,0.0,0.0
boxcar,0.08,26845,0.0,0.0
boxcar,0.08,26855,0.0,0.0
boxcar,0.08,26865,0.0,0.0
boxcar,0.08,26875,0.0,0.0
boxcar,0.08,26885,0.0,0.0
boxcar,0.08,26895,0.0,0.0
boxcar,0.08,26905,0.0,0.0
boxcar,0.08,26915,0.0,0.0
boxcar,0.08,26925,0.0,0.0
boxcar,0.08,26935,0.0,0.0
boxcar,0.08,26945,0.0,0.0
boxcar,0.08,26955,0.0,0.0
boxcar,0.08,26965,0.0,0.0
boxcar,0.08,26975,0.0,0.0
boxcar,0.08,26985,0.0,0.0
boxcar,0.08,26995,0.0,0.0
boxcar,0.08,27005,0.0,0.0
boxcar,0.08,27015,0.0,0.0
boxcar,0.08,27025,0.0,0.0
boxcar,0.08,27035,0.0,0.0
boxcar,0.08,27045,0.0,0.0
boxcar,0.08,27055,0.0,0.0
boxcar,0.08,27065,0.0,0.0
boxcar,0.08,27075,0.0,0.0
boxcar,0.08,27085,0.0,0.0
boxcar,0.08,27095,0.0,0.0
boxcar,0.08,27105,0.0,0.0
boxcar,0.08,27115,0.0,0.0
boxcar,0.08,27125,0.0,0.0
boxcar,0.08,27135,0.0,0.0
boxcar,0.08,27145,0.0,0.0
boxcar,0.08,27155,0.0,0.0
boxcar,0.08,27165,0.0,0.0
boxcar,0.08,27175,0.0,0.0
boxcar,0.08,27185,0.0,0.0
boxcar,0.08,27195,0.0,0.0
boxcar,0.08,27205,0.0,0.0
boxcar,0.08,27215,0.0,0.0
boxcar,0.08,27225,0.0,0.0
boxcar,0.08,27235,0.0,0.0
boxcar,0.08,27245,0.0,0.0
boxcar,0.08,27255,0.0,0.0
boxcar,0.08,27265,0.0,0.0
boxcar,0.08,27275,0.0,0.0
boxcar,0.08,27285,0.0,0.0
boxcar,0.08,27295,0.0,0.0
boxcar,0.08,27305,0.0,0.0
boxcar,0.08,27315,0.0,0.0
boxcar,0.08,27325,0.0,0.0
boxcar,0.08,27335,0.0,0.0
boxcar,0.08,27345,0.0,0.0
boxcar,0.08,27355,0.0,0.0
boxcar,0.08,27365,0.0,0.0
boxcar,0.08,27375,0.0,0.0
boxcar,0.08,27385,0.0,0.0
boxcar,0.08,27395,0.0,0.0
boxcar,0.08,27405,0.0,0.0
boxcar,0.08,27415,0.0,0.0
boxcar,0.08,27425,0.0,0.0
boxcar,0.08,27435,0.0,0.0
boxcar,0.08,27445,0.0,0.0
boxcar,0.08,27455,0.0,0.0
boxcar,0.08,27465,0.0,0.0
boxcar,0.08,27475,0.0,0.0
boxcar,0.08,27485,0.0,0.0
boxcar,0.08,27495,0.0,0.0
boxcar,0.08,27505,0.0,0.0
boxcar,0.08,27515,0.0,0.0
boxcar,0.08,27525,0.0,0.0
boxcar,0.08,27535,0.0,0.0
boxcar,0.08,27545,0.0,0.0
boxcar,0.08,27555,0.0,0.0
boxcar,0.08,27565,0.0,0.0
boxcar,0.08,27575,0.0,0.0
boxcar,0.08,27585,0.0,0.0
boxcar,0.08,27595,0.0,0.0
boxcar,0.08,27605,0.0,0.0
boxcar,0.08,27615,0.0,0.0
boxcar,0.08,27625,0.0,0.0
boxcar,0.08,27635,0.0,0.0
boxcar,0.08,27645,0.0,0.0
boxcar,0.08,27655,0.0,0.0
boxcar,0.08,27665,0.0,0.0
boxcar,0.08,27675,0.0,0.0
boxcar,0.08,27685,0.0,0.0
boxcar,0.08,27695,0.0,0.0
boxcar,0.08,27705,0.0,0.0
boxcar,0.08,27715,0.0,0.0
boxcar,0.08,27725,0.0,0.0
boxcar,0.08,27735,0.0,0.0
boxcar,0.08,27745,0.0,0.0
boxcar,0.08,27755,0.0,0.0
boxcar,0.08,27765,0.0,0.0
boxcar,0.08,27775,0.0,0.0
boxcar,0.08,27785,0.0,0.0
boxcar,0.08,27795,0.0,0.0
boxcar,0.08,27805,0.0,0.0
boxcar,0.08,27815,0.0,0.0
boxcar,0.08,27825,0.0,0.0
boxcar,0.08,27835,0.0,0.0
boxcar,0.08,27845,0.0,0.0
boxcar,0.08,27855,0.0,0.0
boxcar,0.08,27865,0.0,0.0
boxcar,0.08,27875,0.0,0.0
boxcar,0.08,27885,0.0,0.0
boxcar,0.08,27895,0.0,0.0
boxcar,0.08,27905,0.0,0.0
boxcar,0.08,27915,0.0,0.0
boxcar,0.08,27925,0.0,0.0
boxcar,0.08,27935,0.0,0.0
boxcar,0.08,27945,0.0,0.0
boxcar,0.08,27955,0.0,0.0
boxcar,0.08,27965,0.0,0.0
boxcar,0.08,27975,0.0,0.0
boxcar,0.08,27985,0.0,0.0
boxcar,0.08,27995,0.0,0.0
boxcar,0.08,28005,0.0,0.0
boxcar,0.08,28015,0.0,0.0
boxcar,0.08,28025,0.0,0.0
boxcar,0.08,28035,0.0,0.0
boxcar,0.08,28045,0.0,0.0
boxcar,0.08,28055,0.0,0.0
boxcar,0.08,28065,0.0,0.0
boxcar,0.08,28075,0.0,0.0
boxcar,0.08,28085,0.0,0.0
boxcar,0.08,28095,0.0,0.0
boxcar,0.08,28105,0.0,0.0
boxcar,0.08,28115,0.0,0.0
boxcar,0.08,28125,0.0,0.0
boxcar,0.08,28135,0.0,0.0
boxcar,0.08,28145,0.0,0.0
boxcar,0.08,28155,0.0,0.0
boxcar,0.08,28165,0.0,0.0
boxcar,0.08,28175,0.0,0.0
boxcar,0.08,28185,0.0,0.0
boxcar,0.08,28195,0.0,0.0
boxcar,0.08,28205,0.0,0.0
boxcar,0.08,28215,0.0,0.0
boxcar,0.08,28225,0.0,0.0
boxcar,0.08,28235,0.0,0.0
boxcar,0.08,28245,0.0,0.0
boxcar,0.08,28255,0.0,0.0
boxcar,0.08,28265,0.0,0.0
boxcar,0.08,28275,0.0,0.0
boxcar,0.08,28285,0.0,0.0
boxcar,0.12,28295,0.0,0.0
boxcar,0.12,28305,0.0,0.0
boxcar,0.12,28315,0.0,0.0
boxcar,0.12,28325,0.0,0.0
boxcar,0.12,28335,0.0,0.0
boxcar,0.12,28345,0.0,0.0
boxcar,0.12,28355,0.0,0.0
boxcar,0.12,28365,0.0,0.0
boxcar,0.12,28375,0.0,0.0
boxcar,0.12,28385,0.0,0.0
boxcar,0.12,28395,0.0,0.0
boxcar,0.12,28405,0.0,0.0
boxcar,0.12,28415,0.0,0.0
boxcar,0.12,28425,0.0,0.0
boxcar,0.12,28435,0.0,0.0
boxcar,0.12,28445,0.0,0.0
boxcar,0.12,28455,0.0,0.0
boxcar,0.12,28465,0.0,0.0
boxcar,0.12,28475,0.0,0.0
boxcar,0.12,28485,0.0,0.0
boxcar,0.12,28495,0.0,0.0
boxcar,0.12,28505,0.0,0.0
boxcar,0.12,28515,0.0,0.0
boxcar,0.12,28525,0.0,0.0
boxcar,0.12,28535,0.0,0.0
boxcar,0.12,28545,0.0,0.0
boxcar,0.12,28555,0.0,0.0
boxcar,0.12,28565,0.0,0.0
boxcar,0.12,28575,0.0,0.0
boxcar,0.12,28585,0.0,0.0
boxcar,0.12,28595,0.0,0.0
boxcar,0.12,28605,0.0,0.0
boxcar,0.12,28615,0.0,0.0
boxcar,0.12,28625,0.0,0.0
boxcar,0.12,28635,0.0,0.0
boxcar,0.12,28645,0.0,0.0
boxcar,0.12,28655,0.0,0.0
boxcar,0.12,28665,0.0,0.0
boxcar,0.12,28675,0.0,0.0
boxcar,0.12,28685,0.0,0.0
boxcar,0.12,28695,0.0,0.0
boxcar,0.12,28705,0.0,0.0
boxcar,0.12,28715,0.0,0.0
boxcar,0.12,28725,0.0,0.0
boxcar,0.12,28735,0.0,0.0
boxcar,0.12,28745,0.0,0.0
boxcar,0.12,28755,0.0,0.0
boxcar,0.12,28765,0.0,0.0
boxcar,0.12,28775,0.0,0.0
boxcar,0.12,28785,0.0,0.0
boxcar,0.12,28795,0.0,0.0
boxcar,0.12,28805,0.0,0.0
boxcar,0.12,28815,0.42,0.12
boxcar,0.12,28825,52.03,0.12
boxcar,0.12,28835,149.56,0.12
boxcar,0.12,28845,217.19,0.12
boxcar,0.12,28855,311.55,0.12
boxcar,0.12,28865,429.12,0.12
boxcar,0.12,28875,506.76,0.12
boxcar,0.12,28885,595.45,0.12
boxcar,0.12,28895,657.97,0.12
boxcar,0.12,28905,692.23,0.12
boxcar,0.12,28915,717.06,0.12
boxcar,0.12,28925,756.02,0.12
boxcar,0.12,28935,782.51,0.12
boxcar,0.12,28945,789.97,0.12
boxcar,0.12,28955,805.68,0.12
boxcar,0.12,28965,833.89,0.12
boxcar,0.12,28975,848.53,0.12
boxcar,0.12,28985,860.43,0.12
boxcar,0.12,28995,869.65,0.12
boxcar,0.12,29005,887.5,0.12
boxcar,0.12,29015,883.41,0.12
boxcar,0.12,29025,889.91,0.12
boxcar,0.12,29035,908.66,0.12
boxcar,0.12,29045,914.95,0.12
boxcar,0.12,29055,917.03,0.12
boxcar,0.12,29065,931.04,0.12
boxcar,0.12,29075,929.25,0.12
boxcar,0.12,29085,925.42,0.12
boxcar,0.12,29095,935.57,0.12
boxcar,0.12,29105,943.55,0.12
boxcar,0.12,29115,944.21,0.12
boxcar,0.12,29125,948.65,0.12
boxcar,0.12,29135,953.8,0.12
boxcar,0.12,29145,945.16,0.12
boxcar,0.12,29155,946.63,0.12
boxcar,0.12,29165,955.93,0.12
boxcar,0.12,29175,956.37,0.12
boxcar,0.12,29185,955.48,0.12
boxcar,0.12,29195,967.44,0.12
boxcar,0.12,29205,957.74,0.12
boxcar,0.12,29215,955.86,0.12
boxcar,0.12,29225,967.42,0.12
boxcar,0.12,29235,968.8,0.12
boxcar,0.12,29245,971.87,0.12
boxcar,0.12,29255,983.84,0.12
boxcar,0.12,29265,976.16,0.12
boxcar,0.12,29275,973.36,0.12
boxcar,0.12,29285,982.85,0.12
boxcar,0.12,29295,985.05,0.12
boxcar,0.12,29305,985.02,0.12
boxcar,0.12,29315,996.65,0.12
boxcar,0.12,29325,987.15,0.12
boxcar,0.12,29335,981.8,0.12
boxcar,0.12,29345,990.64,0.12
boxcar,0.12,29355,996.08,0.12
boxcar,0.12,29365,993.59,0.12
boxcar,0.12,29375,1002.95,0.12
boxcar,0.12,29385,998.44,0.12
boxcar,0.12,29395,990.8,0.12
boxcar,0.12,29405,998.65,0.12
boxcar,0.12,29415,998.67,0.12
boxcar,0.12,29425,998.79,0.12
boxcar,0.12,29435,1010.41,0.12
boxcar,0.12,29445,1005.02,0.12
boxcar,0.12,29455,997.04,0.12
boxcar,0.12,29465,1003.78,0.12
boxcar,0.12,29475,1005.27,0.12
boxcar,0.12,29485,1004.49,0.12
boxcar,0.12,29495,1013.81,0.12
boxcar,0.12,29505,1008.72,0.12
boxcar,0.12,29515,1002.11,0.12
boxcar,0.12,29525,1007.03,0.12
boxcar,0.12,29535,1008.99,0.12
boxcar,0.12,29545,1009.22,0.12
boxcar,0.12,29555,1019.48,0.12
boxcar,0.12,29565,1013.06,0.12
boxcar,0.12,29575,1005.58,0.12
boxcar,0.12,29585,1010.59,0.12
boxcar,0.12,29595,1013.0,0.12
boxcar,0.12,29605,1014.88,0.12
boxcar,0.12,29615,1024.18,0.12
boxcar,0.12,29625,1010.6,0.12
boxcar,0.12,29635,1005.05,0.12
boxcar,0.12,29645,1014.19,0.12
boxcar,0.12,29655,1015.24,0.12
boxcar,0.12,29665,1012.48,0.12
boxcar,0.12,29675,1018.57,0.12
boxcar,0.12,29685,1010.78,0.12
boxcar,0.12,29695,1007.06,0.12
boxcar,0.12,29705,1013.59,0.12
boxcar,0.12,29715,1013.59,0.12
boxcar,0.12,29725,1013.04,0.12
boxcar,0.12,29735,1020.92,0.12
boxcar,0.12,29745,1010.9,0.12
boxcar,0.12,29755,1008.8,0.12
boxcar,0.12,29765,1017.12,0.12
boxcar,0.12,29775,1017.51,0.12
boxcar,0.12,29785,1017.39,0.12
boxcar,0.12,29795,1023.79,0.12
boxcar,0.12,29805,1012.65,0.12
boxcar,0.12,29815,1011.41,0.12
boxcar,0.12,29825,1018.62,0.12
boxcar,0.12,29835,1016.37,0.12
boxcar,0.12,29845,1018.66,0.12
boxcar,0.12,29855,1025.26,0.12
boxcar,0.12,29865,1015.68,0.12
boxcar,0.12,29875,1017.44,0.12
boxcar,0.12,29885,1023.25,0.12
boxcar,0.12,29895,1022.26,0.12
boxcar,0.12,29905,1024.96,0.12
boxcar,0.12,29915,1028.25,0.12
boxcar,0.12,29925,1018.62,0.12
boxcar,0.12,29935,1018.29,0.12
boxcar,0.12,29945,1022.56,0.12
boxcar,0.12,29955,1021.84,0.12
boxcar,0.12,29965,1029.39,0.12
boxcar,0.12,29975,1028.93,0.12
boxcar,0.12,29985,1020.41,0.12
boxcar,0.12,29995,1024.7,0.12
boxcar,0.12,30005,1027.45,0.12
boxcar,0.12,30015,1025.61,0.12
boxcar,0.12,30025,1031.12,0.12
boxcar,0.12,30035,1025.09,0.12
boxcar,0.12,30045,1017.57,0.12
boxcar,0.12,30055,1024.27,0.12
boxcar,0.12,30065,1025.74,0.12
boxcar,0.12,30075,1024.54,0.12
boxcar,0.12,30085,1033.88,0.12
boxcar,0.12,30095,1023.79,0.12
boxcar,0.12,30105,1017.67,0.12
boxcar,0.12,30115,1022.63,0.12
boxcar,0.12,30125,1023.44,0.12
boxcar,0.12,30135,1022.56,0.12
boxcar,0.12,30145,1033.32,0.12
boxcar,0.12,30155,1023.94,0.12
boxcar,0.12,30165,1019.77,0.12
boxcar,0.12,30175,1024.0,0.12
boxcar,0.12,30185,1021.79,0.12
boxcar,0.12,30195,1022.39,0.12
boxcar,0.12,30205,1031.15,0.12
boxcar,0.12,30215,1021.85,0.12
boxcar,0.12,30225,1020.0,0.12
boxcar,0.12,30235,1026.88,0.12
boxcar,0.12,30245,1025.16,0.12
boxcar,0.12,30255,1025.34,0.12
boxcar,0.12,30265,1030.29,0.12
boxcar,0.12,30275,1021.08,0.12
boxcar,0.12,30285,1021.79,0.12
boxcar,0.12,30295,1026.53,0.12
boxcar,0.12,30305,1021.63,0.12
boxcar,0.12,30315,1027.41,0.12
boxcar,0.12,30325,1031.54,0.12
boxcar,0.12,30335,1021.61,0.12
boxcar,0.12,30345,1022.52,0.12
boxcar,0.12,30355,1025.79,0.12
boxcar,0.12,30365,1025.59,0.12
boxcar,0.12,30375,1031.21,0.12
boxcar,0.12,30385,1027.97,0.12
boxcar,0.12,30395,1018.26,0.12
boxcar,0.12,30405,1022.95,0.12
boxcar,0.12,30415,1028.14,0.12
boxcar,0.12,30425,1026.9,0.12
boxcar,0.12,30435,1034.42,0.12
boxcar,0.12,30445,1029.88,0.12
boxcar,0.12,30455,1020.86,0.12
boxcar,0.12,30465,1026.37,0.12
boxcar,0.12,30475,1026.01,0.12
boxcar,0.12,30485,1024.85,0.12
boxcar,0.12,30495,1033.19,0.12
boxcar,0.12,30505,1025.46,0.12
boxcar,0.12,30515,1021.53,0.12
boxcar,0.12,30525,1027.91,0.12
boxcar,0.12,30535,1024.37,0.12
boxcar,0.12,30545,1024.36,0.12
boxcar,0.12,30555,1033.12,0.12
boxcar,0.12,30565,1024.44,0.12
boxcar,0.12,30575,1020.89,0.12
boxcar,0.12,30585,1027.48,0.12
boxcar,0.12,30595,1027.1,0.12
boxcar,0.12,30605,1028.04,0.12
boxcar,0.12,30615,1034.49,0.12
boxcar,0.12,30625,1025.1,0.12
boxcar,0.12,30635,1023.16,0.12
boxcar,0.12,30645,1028.32,0.12
boxcar,0.12,30655,1026.42,0.12
boxcar,0.12,30665,1028.96,0.12
boxcar,0.12,30675,1030.59,0.12
boxcar,0.12,30685,1018.87,0.12
boxcar,0.12,30695,1021.52,0.12
boxcar,0.12,30705,1028.23,0.12
boxcar,0.12,30715,1024.38,0.12
boxcar,0.12,30725,1028.32,0.12
boxcar,0.12,30735,1029.7,0.12
boxcar,0.12,30745,1020.51,0.12
boxcar,0.12,30755,1020.81,0.12
boxcar,0.12,30765,1024.74,0.12
boxcar,0.12,30775,1023.03,0.12
boxcar,0.12,30785,1027.97,0.12
boxcar,0.12,30795,1024.76,0.12
boxcar,0.12,30805,1018.68,0.12
boxcar,0.12,30815,1022.26,0.12
boxcar,0.12,30825,1024.02,0.12
boxcar,0.12,30835,1021.99,0.12
boxcar,0.12,30845,1030.85,0.12
boxcar,0.12,30855,1026.08,0.12
boxcar,0.12,30865,1021.2,0.12
boxcar,0.12,30875,1027.33,0.12
boxcar,0.12,30885,1027.32,0.12
boxcar,0.12,30895,1025.46,0.12
boxcar,0.12,30905,1034.76,0.12
boxcar,0.12,30915,1026.24,0.12
boxcar,0.12,30925,1021.62,0.12
boxcar,0.12,30935,1029.75,0.12
boxcar,0.12,30945,1028.45,0.12
boxcar,0.12,30955,1026.89,0.12
boxcar,0.12,30965,1035.6,0.12
boxcar,0.12,30975,1026.53,0.12
boxcar,0.12,30985,1022.17,0.12
boxcar,0.12,30995,1029.24,0.12
boxcar,0.12,31005,1029.38,0.12
boxcar,0.12,31015,1031.5,0.12
boxcar,0.12,31025,1037.58,0.12
boxcar,0.12,31035,1027.41,0.12
boxcar,0.12,31045,1024.6,0.12
boxcar,0.12,31055,1030.73,0.12
boxcar,0.12,31065,1030.05,0.12
boxcar,0.12,31075,1034.47,0.12
boxcar,0.12,31085,1037.06,0.12
boxcar,0.12,31095,1027.97,0.12
boxcar,0.12,31105,1028.9,0.12
boxcar,0.12,31115,1031.56,0.12
boxcar,0.12,31125,1031.45,0.12
boxcar,0.12,31135,1036.94,0.12
boxcar,0.12,31145,1034.82,0.12
boxcar,0.12,31155,1027.27,0.12
boxcar,0.12,31165,1030.91,0.12
boxcar,0.12,31175,1033.07,0.12
boxcar,0.12,31185,1033.1,0.12
boxcar,0.12,31195,1042.1,0.12
boxcar,0.12,31205,1034.31,0.12
boxcar,0.12,31215,1027.12,0.12
boxcar,0.12,31225,1032.55,0.12
boxcar,0.12,31235,1033.57,0.12
boxcar,0.12,31245,1033.06,0.12
boxcar,0.12,31255,1042.69,0.12
boxcar,0.12,31265,1032.9,0.12
boxcar,0.12,31275,1028.45,0.12
boxcar,0.12,31285,1034.1,0.12
boxcar,0.12,31295,1034.69,0.12
boxcar,0.12,31305,1035.79,0.12
boxcar,0.12,31315,1043.06,0.12
boxcar,0.12,31325,1032.09,0.12
boxcar,0.12,31335,1032.19,0.12
boxcar,0.12,31345,1035.18,0.12
boxcar,0.12,31355,1032.7,0.12
boxcar,0.12,31365,1036.0,0.12
boxcar,0.12,31375,1039.62,0.12
boxcar,0.12,31385,1030.59,0.12
boxcar,0.12,31395,1034.07,0.12
boxcar,0.12,31405,1034.43,0.12
boxcar,0.12,31415,1032.01,0.12
boxcar,0.12,31425,1038.39,0.12
boxcar,0.12,31435,1037.41,0.12
boxcar,0.12,31445,1031.15,0.12
boxcar,0.12,31455,1034.72,0.12
boxcar,0.12,31465,1034.95,0.12
boxcar,0.12,31475,1033.24,0.12
boxcar,0.12,31485,1041.51,0.12
boxcar,0.12,31495,1034.3,0.12
boxcar,0.12,31505,1027.63,0.12
boxcar,0.12,31515,1034.71,0.12
boxcar,0.12,31525,1032.1,0.12
boxcar,0.12,31535,1030.79,0.12
boxcar,0.12,31545,1040.32,0.12
boxcar,0.12,31555,1031.32,0.12
boxcar,0.12,31565,1028.74,0.12
boxcar,0.12,31575,1035.91,0.12
boxcar,0.12,31585,1035.38,0.12
boxcar,0.12,31595,1034.16,0.12
boxcar,0.12,31605,1040.15,0.12
boxcar,0.12,31615,1029.3,0.12
boxcar,0.12,31625,1029.01,0.12
boxcar,0.12,31635,1036.26,0.12
boxcar,0.12,31645,1035.76,0.12
boxcar,0.12,31655,1039.58,0.12
boxcar,0.12,31665,1040.86,0.12
boxcar,0.12,31675,1029.37,0.12
boxcar,0.12,31685,1030.23,0.12
boxcar,0.12,31695,1033.83,0.12
boxcar,0.12,31705,1033.18,0.12
boxcar,0.12,31715,1040.37,0.12
boxcar,0.12,31725,1037.92,0.12
boxcar,0.12,31735,1029.97,0.12
boxcar,0.12,31745,1035.28,0.12
boxcar,0.12,31755,1037.1,0.12
boxcar,0.12,31765,1035.98,0.12
boxcar,0.12,31775,1044.16,0.12
boxcar,0.12,31785,1034.46,0.12
boxcar,0.12,31795,1027.84,0.12
boxcar,0.12,31805,1034.64,0.12
boxcar,0.12,31815,1034.82,0.12
boxcar,0.12,31825,1034.29,0.12
boxcar,0.12,31835,1043.18,0.12
boxcar,0.12,31845,1033.21,0.12
boxcar,0.12,31855,1031.11,0.12
boxcar,0.12,31865,1038.2,0.12
boxcar,0.12,31875,1039.02,0.12
boxcar,0.12,31885,1038.12,0.12
boxcar,0.12,31895,1043.25,0.12
boxcar,0.12,31905,1031.67,0.12
boxcar,0.12,31915,1032.09,0.12
boxcar,0.12,31925,1038.13,0.12
boxcar,0.12,31935,1036.0,0.12
boxcar,0.12,31945,1039.31,0.12
boxcar,0.12,31955,1039.22,0.12
boxcar,0.12,31965,1029.22,0.12
boxcar,0.12,31975,1032.4,0.12
boxcar,0.12,31985,1036.82,0.12
boxcar,0.12,31995,1035.75,0.12
boxcar,0.12,32005,1043.11,0.12
boxcar,0.12,32015,1039.52,0.12
boxcar,0.12,32025,1031.27,0.12
boxcar,0.12,32035,1035.37,0.12
boxcar,0.12,32045,1035.9,0.12
boxcar,0.12,32055,1035.47,0.12
boxcar,0.12,32065,1044.77,0.12
boxcar,0.12,32075,1036.04,0.12
boxcar,0.12,32085,1029.7,0.12
boxcar,0.12,32095,1034.44,0.12
boxcar,0.12,32105,1035.34,0.12
boxcar,0.12,32115,1036.01,0.12
boxcar,0.12,32125,1045.23,0.12
boxcar,0.12,32135,1035.24,0.12
boxcar,0.12,32145,1032.13,0.12
boxcar,0.12,32155,1037.4,0.12
boxcar,0.12,32165,1036.57,0.12
boxcar,0.12,32175,1038.89,0.12
boxcar,0.12,32185,1043.69,0.12
boxcar,0.12,32195,1032.71,0.12
boxcar,0.12,32205,1033.84,0.12
boxcar,0.12,32215,1037.72,0.12
boxcar,0.12,32225,1035.02,0.12
boxcar,0.12,32235,1040.15,0.12
boxcar,0.12,32245,1039.1,0.12
boxcar,0.12,32255,1031.86,0.12
boxcar,0.12,32265,1035.21,0.12
boxcar,0.12,32275,1038.66,0.12
boxcar,0.12,32285,1036.23,0.12
boxcar,0.12,32295,1041.59,0.12
boxcar,0.12,32305,1035.37,0.12
boxcar,0.12,32315,1028.95,0.12
boxcar,0.12,32325,1035.05,0.12
boxcar,0.12,32335,1036.74,0.12
boxcar,0.12,32345,1035.5,0.12
boxcar,0.12,32355,1042.67,0.12
boxcar,0.12,32365,1033.14,0.12
boxcar,0.12,32375,1029.62,0.12
boxcar,0.12,32385,1038.11,0.12
boxcar,0.12,32395,1039.41,0.12
boxcar,0.12,32405,1036.23,0.12
boxcar,0.12,32415,1041.38,0.12
boxcar,0.12,32425,1030.16,0.12
boxcar,0.12,32435,1030.06,0.12
boxcar,0.12,32445,1039.14,0.12
boxcar,0.12,32455,1037.34,0.12
boxcar,0.12,32465,1038.84,0.12
boxcar,0.12,32475,1042.1,0.12
boxcar,0.12,32485,1031.2,0.12
boxcar,0.12,32495,1031.67,0.12
boxcar,0.12,32505,1035.78,0.12
boxcar,0.12,32515,1036.49,0.12
boxcar,0.12,32525,1038.13,0.12
boxcar,0.12,32535,1036.91,0.12
boxcar,0.12,32545,1028.15,0.12
boxcar,0.12,32555,1033.07,0.12
boxcar,0.12,32565,1035.98,0.12
boxcar,0.12,32575,1033.21,0.12
boxcar,0.12,32585,1042.8,0.12
boxcar,0.12,32595,1036.08,0.12
boxcar,0.12,32605,1027.87,0.12
boxcar,0.12,32615,1033.76,0.12
boxcar,0.12,32625,1035.14,0.12
boxcar,0.12,32635,1034.32,0.12
boxcar,0.12,32645,1042.17,0.12
boxcar,0.12,32655,1033.3,0.12
boxcar,0.12,32665,1029.32,0.12
boxcar,0.12,32675,1036.41,0.12
boxcar,0.12,32685,1036.08,0.12
boxcar,0.12,32695,1033.91,0.12
boxcar,0.12,32705,1040.76,0.12
boxcar,0.12,32715,1029.65,0.12
boxcar,0.12,32725,1029.0,0.12
boxcar,0.12,32735,1036.55,0.12
boxcar,0.12,32745,1036.26,0.12
boxcar,0.12,32755,1037.47,0.12
boxcar,0.12,32765,1040.81,0.12
boxcar,0.12,32775,1031.28,0.12
boxcar,0.12,32785,1030.52,0.12
boxcar,0.12,32795,1035.17,0.12
boxcar,0.12,32805,1035.95,0.12
boxcar,0.12,32815,1041.06,0.12
boxcar,0.12,32825,1040.78,0.12
boxcar,0.12,32835,1032.91,0.12
boxcar,0.12,32845,1035.33,0.12
boxcar,0.12,32855,1035.99,0.12
boxcar,0.12,32865,1034.76,0.12
boxcar,0.12,32875,1043.5,0.12
