label,sp,t,rpm,rpm_sp,out
baseline,80.0,4733495,-0.0,80.0,0.0
baseline,80.0,4733505,-0.0,80.0,0.0
baseline,80.0,4733515,-0.0,80.0,0.0
baseline,80.0,4733525,-0.0,80.0,0.0
baseline,80.0,4733535,-0.0,80.0,0.0
baseline,80.0,4733545,-0.0,80.0,0.0
baseline,80.0,4733555,-0.0,80.0,0.0
baseline,80.0,4733565,-0.0,80.0,0.0
baseline,80.0,4733575,-0.0,80.0,0.0
baseline,80.0,4733585,-0.0,80.0,0.0
baseline,80.0,4733595,-0.0,80.0,0.0
baseline,80.0,4733605,-0.0,80.0,0.0
baseline,80.0,4733615,-0.0,80.0,0.0
baseline,80.0,4733625,-0.0,80.0,0.0
baseline,80.0,4733635,-0.0,80.0,0.0
baseline,80.0,4733645,-0.0,80.0,0.0
baseline,80.0,4733655,-0.0,80.0,0.0
baseline,80.0,4733665,-0.0,80.0,0.0
baseline,80.0,4733675,-0.0,80.0,0.0
baseline,80.0,4733685,-0.0,80.0,0.0
baseline,80.0,4733695,-0.0,80.0,0.0
baseline,80.0,4733705,-0.0,80.0,0.0
baseline,80.0,4733715,-0.0,80.0,0.0
baseline,80.0,4733725,-0.0,80.0,0.0
baseline,80.0,4733735,-0.0,80.0,0.0
baseline,80.0,4733745,-0.0,80.0,0.0
baseline,80.0,4733755,-0.0,80.0,0.0
baseline,80.0,4733765,-0.0,80.0,0.0
baseline,80.0,4733775,-0.0,80.0,0.0
baseline,80.0,4733785,-0.0,80.0,0.0
baseline,80.0,4733795,-0.0,80.0,0.0
baseline,80.0,4733805,-0.0,80.0,0.0
baseline,80.0,4733815,-0.0,80.0,0.0
baseline,80.0,4733825,-0.0,80.0,0.0
baseline,80.0,4733835,-0.0,80.0,0.0
baseline,80.0,4733845,-0.0,80.0,0.0
baseline,80.0,4733855,-0.0,80.0,0.0
baseline,80.0,4733865,-0.0,80.0,0.0
baseline,80.0,4733875,-0.0,80.0,0.0
baseline,80.0,4733885,-0.0,80.0,0.0
baseline,80.0,4733895,-0.0,80.0,0.0
baseline,80.0,4733905,-0.0,80.0,0.0
baseline,80.0,4733915,-0.0,80.0,0.0
baseline,80.0,4733925,-0.0,80.0,0.0
baseline,80.0,4733935,-0.0,80.0,0.0
baseline,80.0,4733945,-0.0,80.0,0.0
baseline,80.0,4733955,-0.0,80.0,0.0
baseline,80.0,4733965,-0.0,80.0,0.0
baseline,80.0,4733975,-0.0,80.0,0.0
baseline,80.0,4733985,-0.0,80.0,0.0
baseline,80.0,4733995,-0.0,80.0,0.0
baseline,80.0,4734005,-0.0,80.0,0.0
baseline,80.0,4734015,-0.0,80.0,0.0
baseline,80.0,4734025,-0.0,80.0,0.0
baseline,80.0,4734035,-0.0,80.0,0.0
baseline,80.0,4734045,-0.0,80.0,0.0
baseline,80.0,4734055,-0.0,80.0,0.0
baseline,80.0,4734065,-0.0,80.0,0.0
baseline,80.0,4734075,-0.0,80.0,0.0
baseline,80.0,4734085,-0.0,80.0,0.0
baseline,80.0,4734095,-0.0,80.0,0.0
baseline,80.0,4734105,-0.0,80.0,0.0
baseline,80.0,4734115,-0.0,80.0,0.0
baseline,80.0,4734125,-0.0,80.0,0.0
baseline,80.0,4734135,-0.0,80.0,0.0
baseline,80.0,4734145,-0.0,80.0,0.0
baseline,80.0,4734155,-0.0,80.0,0.0
baseline,80.0,4734165,-0.0,80.0,0.0
baseline,80.0,4734175,-0.0,80.0,0.0
baseline,80.0,4734185,-0.0,80.0,0.0
baseline,80.0,4734195,-0.0,80.0,0.0
baseline,80.0,4734205,-0.0,80.0,0.0
baseline,80.0,4734215,-0.0,80.0,0.0
baseline,80.0,4734225,-0.0,80.0,0.0
baseline,80.0,4734235,-0.0,80.0,0.0
baseline,80.0,4734245,-0.0,80.0,0.0
baseline,80.0,4734255,-0.0,80.0,0.0
baseline,80.0,4734265,-0.0,80.0,0.0
baseline,80.0,4734275,-0.0,80.0,0.0
baseline,80.0,4734285,-0.0,80.0,0.0
baseline,80.0,4734295,-0.0,80.0,0.0
baseline,80.0,4734305,-0.0,80.0,0.0
baseline,80.0,4734315,-0.0,80.0,0.0
baseline,80.0,4734325,-0.0,80.0,0.0
baseline,80.0,4734335,-0.0,80.0,0.0
baseline,80.0,4734345,-0.0,80.0,0.0
baseline,80.0,4734355,-0.0,80.0,0.0
baseline,80.0,4734365,-0.0,80.0,0.0
baseline,80.0,4734375,-0.0,80.0,0.0
baseline,80.0,4734385,-0.0,80.0,0.0
baseline,80.0,4734395,-0.0,80.0,0.0
baseline,80.0,4734405,-0.0,80.0,0.0
baseline,80.0,4734415,-0.0,80.0,0.0
baseline,80.0,4734425,-0.0,80.0,0.0
baseline,80.0,4734435,-0.0,80.0,0.0
baseline,80.0,4734445,-0.0,80.0,0.0
baseline,80.0,4734455,-0.0,80.0,0.0
baseline,80.0,4734465,-0.0,80.0,0.0
baseline,80.0,4734475,-0.0,80.0,0.0
baseline,80.0,4734485,-0.0,80.0,0.0
baseline,80.0,4734495,-0.0,80.0,0.0
baseline,80.0,4734505,-0.0,80.0,0.0
baseline,80.0,4734515,-0.0,80.0,0.0012
baseline,80.0,4734525,-0.0,80.0,0.0044
baseline,80.0,4734535,-0.0,80.0,0.0078
baseline,80.0,4734545,-0.0,80.0,0.0114
baseline,80.0,4734555,-0.0,80.0,0.0152
baseline,80.0,4734565,-0.0,80.0,0.0192
baseline,80.0,4734575,-0.0,80.0,0.0234
baseline,80.0,4734585,-0.0,80.0,0.0277
baseline,80.0,4734595,-0.0,80.0,0.0323
baseline,80.0,4734605,-0.0,80.0,0.0371
baseline,80.0,4734615,4.62,80.0,0.035
baseline,80.0,4734625,5.23,80.0,0.0387
baseline,80.0,4734635,7.3,80.0,0.0405
baseline,80.0,4734645,11.96,80.0,0.0383
baseline,80.0,4734655,13.2,80.0,0.0411
baseline,80.0,4734665,13.83,80.0,0.0447
baseline,80.0,4734675,12.24,80.0,0.052
baseline,80.0,4734685,16.18,80.0,0.051
baseline,80.0,4734695,18.87,80.0,0.0516
baseline,80.0,4734705,19.89,80.0,0.0549
baseline,80.0,4734715,18.78,80.0,0.0616
baseline,80.0,4734725,22.57,80.0,0.061
baseline,80.0,4734735,21.51,80.0,0.0678
baseline,80.0,4734745,22.37,80.0,0.0721
baseline,80.0,4734755,31.66,80.0,0.0631
baseline,80.0,4734765,31.66,80.0,0.0678
baseline,80.0,4734775,26.07,80.0,0.0815
baseline,80.0,4734785,24.69,80.0,0.0895
baseline,80.0,4734795,37.52,80.0,0.0756
baseline,80.0,4734805,43.79,80.0,0.071
baseline,80.0,4734815,55.4,80.0,0.0578
baseline,80.0,4734825,85.4,80.0,0.0148
baseline,80.0,4734835,111.23,80.0,-0.0245
baseline,80.0,4734845,128.42,80.0,-0.0531
baseline,80.0,4734855,96.04,80.0,-0.006
baseline,80.0,4734865,70.41,80.0,0.0344
baseline,80.0,4734875,61.1,80.0,0.0521
baseline,80.0,4734885,64.44,80.0,0.0511
baseline,80.0,4734895,60.31,80.0,0.0616
baseline,80.0,4734905,53.51,80.0,0.0769
baseline,80.0,4734915,53.18,80.0,0.0818
baseline,80.0,4734925,56.45,80.0,0.0794
baseline,80.0,4734935,57.76,80.0,0.0799
baseline,80.0,4734945,69.04,80.0,0.0646
baseline,80.0,4734955,95.13,80.0,0.0254
baseline,80.0,4734965,123.21,80.0,-0.0197
baseline,80.0,4734975,134.8,80.0,-0.0423
baseline,80.0,4734985,100.25,80.0,0.0058
baseline,80.0,4734995,83.45,80.0,0.0302
baseline,80.0,4735005,85.19,80.0,0.0273
baseline,80.0,4735015,75.62,80.0,0.0414
baseline,80.0,4735025,63.14,80.0,0.0614
baseline,80.0,4735035,67.69,80.0,0.056
baseline,80.0,4735045,67.79,80.0,0.0573
baseline,80.0,4735055,68.18,80.0,0.0579
baseline,80.0,4735065,69.8,80.0,0.0567
baseline,80.0,4735075,91.33,80.0,0.0245
baseline,80.0,4735085,120.06,80.0,-0.0212
baseline,80.0,4735095,132.66,80.0,-0.0452
baseline,80.0,4735105,94.46,80.0,0.0086
baseline,80.0,4735115,64.41,80.0,0.0542
baseline,80.0,4735125,65.85,80.0,0.0536
baseline,80.0,4735135,68.74,80.0,0.0503
baseline,80.0,4735145,52.95,80.0,0.0759
baseline,80.0,4735155,47.19,80.0,0.0876
baseline,80.0,4735165,51.58,80.0,0.0839
baseline,80.0,4735175,49.58,80.0,0.0897
baseline,80.0,4735185,54.05,80.0,0.0859
baseline,80.0,4735195,67.36,80.0,0.0678
baseline,80.0,4735205,84.12,80.0,0.043
baseline,80.0,4735215,115.21,80.0,-0.0058
baseline,80.0,4735225,139.53,80.0,-0.0473
baseline,80.0,4735235,126.35,80.0,-0.0332
baseline,80.0,4735245,91.16,80.0,0.017
baseline,80.0,4735255,68.39,80.0,0.0517
baseline,80.0,4735265,70.65,80.0,0.0496
baseline,80.0,4735275,65.87,80.0,0.0577
baseline,80.0,4735285,55.09,80.0,0.076
baseline,80.0,4735295,46.68,80.0,0.0917
baseline,80.0,4735305,55.06,80.0,0.0821
baseline,80.0,4735315,72.65,80.0,0.0573
baseline,80.0,4735325,89.42,80.0,0.0319
baseline,80.0,4735335,114.05,80.0,-0.0074
baseline,80.0,4735345,135.03,80.0,-0.0436
baseline,80.0,4735355,109.38,80.0,-0.0097
baseline,80.0,4735365,76.79,80.0,0.0383
baseline,80.0,4735375,80.99,80.0,0.0323
baseline,80.0,4735385,81.54,80.0,0.0311
baseline,80.0,4735395,66.13,80.0,0.055
baseline,80.0,4735405,57.41,80.0,0.0703
baseline,80.0,4735415,57.72,80.0,0.0721
baseline,80.0,4735425,55.96,80.0,0.0769
baseline,80.0,4735435,60.44,80.0,0.0726
baseline,80.0,4735445,89.29,80.0,0.0297
baseline,80.0,4735455,117.08,80.0,-0.0144
baseline,80.0,4735465,132.27,80.0,-0.0418
baseline,80.0,4735475,118.7,80.0,-0.0265
baseline,80.0,4735485,82.11,80.0,0.0263
baseline,80.0,4735495,56.9,80.0,0.0653
baseline,80.0,4735505,64.37,80.0,0.0561
baseline,80.0,4735515,69.05,80.0,0.0502
baseline,80.0,4735525,55.07,80.0,0.073
baseline,80.0,4735535,54.39,80.0,0.0768
baseline,80.0,4735545,63.31,80.0,0.0653
baseline,80.0,4735555,49.52,80.0,0.0884
baseline,80.0,4735565,56.28,80.0,0.0811
baseline,80.0,4735575,84.0,80.0,0.0404
baseline,80.0,4735585,118.36,80.0,-0.0136
baseline,80.0,4735595,142.4,80.0,-0.0551
baseline,80.0,4735605,113.35,80.0,-0.0166
baseline,80.0,4735615,81.13,80.0,0.0303
baseline,80.0,4735625,63.71,80.0,0.0573
baseline,80.0,4735635,69.63,80.0,0.0497
baseline,80.0,4735645,60.75,80.0,0.0643
baseline,80.0,4735655,52.15,80.0,0.0794
baseline,80.0,4735665,51.07,80.0,0.0839
baseline,80.0,4735675,54.29,80.0,0.0816
baseline,80.0,4735685,56.06,80.0,0.0811
baseline,80.0,4735695,67.5,80.0,0.0656
baseline,80.0,4735705,99.31,80.0,0.0173
baseline,80.0,4735715,124.95,80.0,-0.0246
baseline,80.0,4735725,128.83,80.0,-0.0356
baseline,80.0,4735735,97.72,80.0,0.0079
baseline,80.0,4735745,81.26,80.0,0.0321
baseline,80.0,4735755,83.64,80.0,0.0283
baseline,80.0,4735765,71.5,80.0,0.0466
baseline,80.0,4735775,63.52,80.0,0.06
baseline,80.0,4735785,62.93,80.0,0.0625
baseline,80.0,4735795,67.63,80.0,0.0569
baseline,80.0,4735805,68.13,80.0,0.0573
baseline,80.0,4735815,69.78,80.0,0.0561
baseline,80.0,4735825,91.78,80.0,0.0229
baseline,80.0,4735835,121.16,80.0,-0.024
baseline,80.0,4735845,130.89,80.0,-0.0436
baseline,80.0,4735855,90.86,80.0,0.0134
baseline,80.0,4735865,60.9,80.0,0.0592
baseline,80.0,4735875,70.27,80.0,0.0467
baseline,80.0,4735885,67.8,80.0,0.0513
baseline,80.0,4735895,52.33,80.0,0.0765
baseline,80.0,4735905,48.05,80.0,0.0861
baseline,80.0,4735915,55.19,80.0,0.0782
baseline,80.0,4735925,48.8,80.0,0.0905
baseline,80.0,4735935,51.96,80.0,0.0889
baseline,80.0,4735945,72.01,80.0,0.0606
baseline,80.0,4735955,88.77,80.0,0.0355
baseline,80.0,4735965,117.96,80.0,-0.0106
baseline,80.0,4735975,138.03,80.0,-0.0458
baseline,80.0,4735985,121.91,80.0,-0.0269
baseline,80.0,4735995,88.65,80.0,0.0209
baseline,80.0,4736005,69.7,80.0,0.0498
baseline,80.0,4736015,69.94,80.0,0.0506
baseline,80.0,4736025,65.86,80.0,0.0577
baseline,80.0,4736035,53.32,80.0,0.0788
baseline,80.0,4736045,50.7,80.0,0.0857
baseline,80.0,4736055,55.98,80.0,0.0805
baseline,80.0,4736065,72.77,80.0,0.0568
baseline,80.0,4736075,92.57,80.0,0.0268
baseline,80.0,4736085,115.82,80.0,-0.0105
baseline,80.0,4736095,134.09,80.0,-0.0426
baseline,80.0,4736105,109.09,80.0,-0.0096
baseline,80.0,4736115,78.38,80.0,0.0358
baseline,80.0,4736125,81.74,80.0,0.0309
baseline,80.0,4736135,82.64,80.0,0.0292
baseline,80.0,4736145,64.29,80.0,0.0576
baseline,80.0,4736155,58.39,80.0,0.0686
baseline,80.0,4736165,57.86,80.0,0.0716
baseline,80.0,4736175,55.85,80.0,0.0768
baseline,80.0,4736185,64.72,80.0,0.0656
baseline,80.0,4736195,89.44,80.0,0.0286
baseline,80.0,4736205,113.29,80.0,-0.0096
baseline,80.0,4736215,131.86,80.0,-0.0421
baseline,80.0,4736225,115.82,80.0,-0.0227
baseline,80.0,4736235,81.19,80.0,0.0276
baseline,80.0,4736245,58.25,80.0,0.0634
baseline,80.0,4736255,64.53,80.0,0.0558
baseline,80.0,4736265,68.68,80.0,0.0507
baseline,80.0,4736275,52.34,80.0,0.0772
baseline,80.0,4736285,56.16,80.0,0.0743
baseline,80.0,4736295,62.18,80.0,0.0672
baseline,80.0,4736305,52.19,80.0,0.0846
baseline,80.0,4736315,55.78,80.0,0.0821
baseline,80.0,4736325,84.05,80.0,0.0406
baseline,80.0,4736335,115.96,80.0,-0.0096
baseline,80.0,4736345,141.67,80.0,-0.0534
baseline,80.0,4736355,116.47,80.0,-0.0207
baseline,80.0,4736365,82.02,80.0,0.0293
baseline,80.0,4736375,66.74,80.0,0.053
baseline,80.0,4736385,68.62,80.0,0.0514
baseline,80.0,4736395,63.79,80.0,0.06
baseline,80.0,4736405,53.61,80.0,0.0773
baseline,80.0,4736415,48.9,80.0,0.0872
baseline,80.0,4736425,53.85,80.0,0.0825
baseline,80.0,4736435,56.23,80.0,0.0811
baseline,80.0,4736445,73.28,80.0,0.0571
baseline,80.0,4736455,99.51,80.0,0.0171
baseline,80.0,4736465,124.64,80.0,-0.0241
baseline,80.0,4736475,129.27,80.0,-0.0362
baseline,80.0,4736485,94.77,80.0,0.0124
baseline,80.0,4736495,80.21,80.0,0.0339
baseline,80.0,4736505,82.87,80.0,0.0297
baseline,80.0,4736515,72.77,80.0,0.0448
baseline,80.0,4736525,62.06,80.0,0.0624
baseline,80.0,4736535,64.96,80.0,0.0596
baseline,80.0,4736545,64.9,80.0,0.0611
baseline,80.0,4736555,69.74,80.0,0.055
baseline,80.0,4736565,67.6,80.0,0.0595
baseline,80.0,4736575,91.11,80.0,0.0242
baseline,80.0,4736585,121.14,80.0,-0.0237
baseline,80.0,4736595,128.7,80.0,-0.0399
baseline,80.0,4736605,90.59,80.0,0.0144
baseline,80.0,4736615,64.13,80.0,0.0549
baseline,80.0,4736625,71.07,80.0,0.0459
baseline,80.0,4736635,70.83,80.0,0.047
baseline,80.0,4736645,52.29,80.0,0.0768
baseline,80.0,4736655,49.7,80.0,0.0837
baseline,80.0,4736665,55.18,80.0,0.0782
baseline,80.0,4736675,51.74,80.0,0.086
baseline,80.0,4736685,51.29,80.0,0.0899
baseline,80.0,4736695,70.03,80.0,0.0637
baseline,80.0,4736705,86.86,80.0,0.0385
baseline,80.0,4736715,115.18,80.0,-0.0063
baseline,80.0,4736725,136.99,80.0,-0.044
baseline,80.0,4736735,121.49,80.0,-0.026
baseline,80.0,4736745,86.11,80.0,0.0251
baseline,80.0,4736755,69.04,80.0,0.0513
baseline,80.0,4736765,73.35,80.0,0.0457
baseline,80.0,4736775,64.66,80.0,0.0598
baseline,80.0,4736785,53.57,80.0,0.0787
baseline,80.0,4736795,49.53,80.0,0.0876
baseline,80.0,4736805,55.78,80.0,0.0811
baseline,80.0,4736815,73.57,80.0,0.056
baseline,80.0,4736825,87.61,80.0,0.0348
baseline,80.0,4736835,113.29,80.0,-0.006
baseline,80.0,4736845,132.99,80.0,-0.0401
baseline,80.0,4736855,110.68,80.0,-0.0112
baseline,80.0,4736865,76.81,80.0,0.0386
baseline,80.0,4736875,82.57,80.0,0.0303
baseline,80.0,4736885,86.08,80.0,0.0246
baseline,80.0,4736895,65.01,80.0,0.0569
baseline,80.0,4736905,56.5,80.0,0.0718
baseline,80.0,4736915,61.57,80.0,0.0663
baseline,80.0,4736925,57.84,80.0,0.0739
baseline,80.0,4736935,64.03,80.0,0.0668
baseline,80.0,4736945,90.13,80.0,0.0279
baseline,80.0,4736955,114.04,80.0,-0.0104
baseline,80.0,4736965,133.01,80.0,-0.0434
baseline,80.0,4736975,116.31,80.0,-0.0231
baseline,80.0,4736985,78.73,80.0,0.0317
baseline,80.0,4736995,58.58,80.0,0.0632
baseline,80.0,4737005,63.76,80.0,0.0572
baseline,80.0,4737015,67.54,80.0,0.0527
baseline,80.0,4737025,54.46,80.0,0.0741
baseline,80.0,4737035,53.84,80.0,0.0779
baseline,80.0,4737045,63.26,80.0,0.0656
baseline,80.0,4737055,52.52,80.0,0.0841
baseline,80.0,4737065,58.26,80.0,0.0782
baseline,80.0,4737075,82.99,80.0,0.0421
baseline,80.0,4737085,118.8,80.0,-0.014
baseline,80.0,4737095,140.82,80.0,-0.0522
baseline,80.0,4737105,116.47,80.0,-0.0207
baseline,80.0,4737115,79.91,80.0,0.0326
baseline,80.0,4737125,65.75,80.0,0.0547
baseline,80.0,4737135,68.52,80.0,0.0519
baseline,80.0,4737145,59.63,80.0,0.0668
baseline,80.0,4737155,59.63,80.0,0.0688
baseline,80.0,4737165,51.47,80.0,0.0836
baseline,80.0,4737175,54.59,80.0,0.0818
baseline,80.0,4737185,60.99,80.0,0.0744
baseline,80.0,4737195,69.84,80.0,0.0626
baseline,80.0,4737205,97.94,80.0,0.0199
baseline,80.0,4737215,122.86,80.0,-0.0207
baseline,80.0,4737225,131.17,80.0,-0.0383
baseline,80.0,4737235,99.52,80.0,0.0056
baseline,80.0,4737245,79.1,80.0,0.0358
baseline,80.0,4737255,82.39,80.0,0.0307
baseline,80.0,4737265,74.5,80.0,0.0424
baseline,80.0,4737275,62.73,80.0,0.0614
baseline,80.0,4737285,66.04,80.0,0.0581
baseline,80.0,4737295,68.93,80.0,0.0551
baseline,80.0,4737305,68.65,80.0,0.0566
baseline,80.0,4737315,67.27,80.0,0.0599
baseline,80.0,4737325,91.01,80.0,0.0243
baseline,80.0,4737335,122.62,80.0,-0.0261
baseline,80.0,4737345,128.66,80.0,-0.0401
baseline,80.0,4737355,87.75,80.0,0.0185
baseline,80.0,4737365,64.76,80.0,0.0537
baseline,80.0,4737375,70.63,80.0,0.0462
baseline,80.0,4737385,69.7,80.0,0.0483
baseline,80.0,4737395,51.95,80.0,0.077
baseline,80.0,4737405,49.23,80.0,0.0841
baseline,80.0,4737415,54.06,80.0,0.0795
baseline,80.0,4737425,50.49,80.0,0.0875
baseline,80.0,4737435,54.47,80.0,0.0844
baseline,80.0,4737445,72.68,80.0,0.0588
baseline,80.0,4737455,90.2,80.0,0.0323
baseline,80.0,4737465,121.4,80.0,-0.0172
baseline,80.0,4737475,138.79,80.0,-0.0486
baseline,80.0,4737485,115.36,80.0,-0.0185
baseline,80.0,4737495,81.65,80.0,0.0305
baseline,80.0,4737505,70.7,80.0,0.0478
baseline,80.0,4737515,69.23,80.0,0.051
baseline,80.0,4737525,62.65,80.0,0.062
baseline,80.0,4737535,51.67,80.0,0.0808
baseline,80.0,4737545,51.09,80.0,0.0845
baseline,80.0,4737555,55.63,80.0,0.0804
baseline,80.0,4737565,76.91,80.0,0.0498
baseline,80.0,4737575,94.89,80.0,0.0223
baseline,80.0,4737585,118.97,80.0,-0.0165
baseline,80.0,4737595,134.7,80.0,-0.0449
baseline,80.0,4737605,103.84,80.0,-0.0027
baseline,80.0,4737615,76.77,80.0,0.0375
baseline,80.0,4737625,84.22,80.0,0.0265
baseline,80.0,4737635,80.78,80.0,0.0313
baseline,80.0,4737645,64.27,80.0,0.057
baseline,80.0,4737655,56.21,80.0,0.0714
baseline,80.0,4737665,58.84,80.0,0.0696
baseline,80.0,4737675,59.15,80.0,0.0712
baseline,80.0,4737685,65.97,80.0,0.0629
baseline,80.0,4737695,92.57,80.0,0.0229
baseline,80.0,4737705,116.33,80.0,-0.0154
baseline,80.0,4737715,132.61,80.0,-0.0447
baseline,80.0,4737725,112.36,80.0,-0.0187
baseline,80.0,4737735,73.49,80.0,0.0385
baseline,80.0,4737745,60.74,80.0,0.0592
baseline,80.0,4737755,64.96,80.0,0.0546
baseline,80.0,4737765,66.81,80.0,0.0531
baseline,80.0,4737775,51.56,80.0,0.078
baseline,80.0,4737785,58.0,80.0,0.0711
baseline,80.0,4737795,63.12,80.0,0.0652
baseline,80.0,4737805,50.93,80.0,0.0861
baseline,80.0,4737815,60.12,80.0,0.075
baseline,80.0,4737825,85.02,80.0,0.0383
baseline,80.0,4737835,118.69,80.0,-0.0147
baseline,80.0,4737845,142.5,80.0,-0.0558
baseline,80.0,4737855,110.51,80.0,-0.0126
baseline,80.0,4737865,80.43,80.0,0.0313
baseline,80.0,4737875,66.25,80.0,0.0534
baseline,80.0,4737885,71.42,80.0,0.0469
baseline,80.0,4737895,63.5,80.0,0.0601
baseline,80.0,4737905,54.45,80.0,0.0759
baseline,80.0,4737915,52.51,80.0,0.0815
baseline,80.0,4737925,56.41,80.0,0.0783
baseline,80.0,4737935,58.9,80.0,0.0767
baseline,80.0,4737945,75.78,80.0,0.0527
baseline,80.0,4737955,99.22,80.0,0.0166
baseline,80.0,4737965,127.2,80.0,-0.029
baseline,80.0,4737975,128.39,80.0,-0.0359
baseline,80.0,4737985,93.72,80.0,0.0133
baseline,80.0,4737995,79.7,80.0,0.034
baseline,80.0,4738005,85.55,80.0,0.025
baseline,80.0,4738015,68.94,80.0,0.05
baseline,80.0,4738025,60.86,80.0,0.0638
baseline,80.0,4738035,64.97,80.0,0.059
baseline,80.0,4738045,65.65,80.0,0.0594
baseline,80.0,4738055,70.67,80.0,0.0531
baseline,80.0,4738065,71.14,80.0,0.0536
baseline,80.0,4738075,94.98,80.0,0.0175
baseline,80.0,4738085,122.53,80.0,-0.0269
baseline,80.0,4738095,123.08,80.0,-0.0325
baseline,80.0,4738105,85.9,80.0,0.0208
baseline,80.0,4738115,63.64,80.0,0.055
baseline,80.0,4738125,72.59,80.0,0.0428
baseline,80.0,4738135,66.63,80.0,0.0527
baseline,80.0,4738145,52.49,80.0,0.0759
baseline,80.0,4738155,50.03,80.0,0.0826
baseline,80.0,4738165,55.09,80.0,0.0777
baseline,80.0,4738175,48.18,80.0,0.0908
baseline,80.0,4738185,55.08,80.0,0.0833
baseline,80.0,4738195,72.24,80.0,0.0591
baseline,80.0,4738205,91.48,80.0,0.0299
baseline,80.0,4738215,121.83,80.0,-0.0184
baseline,80.0,4738225,136.17,80.0,-0.0452
baseline,80.0,4738235,112.94,80.0,-0.015
baseline,80.0,4738245,82.13,80.0,0.0298
baseline,80.0,4738255,70.45,80.0,0.0481
baseline,80.0,4738265,71.67,80.0,0.0472
baseline,80.0,4738275,61.9,80.0,0.0631
baseline,80.0,4738285,51.73,80.0,0.0807
baseline,80.0,4738295,52.18,80.0,0.083
baseline,80.0,4738305,58.01,80.0,0.077
baseline,80.0,4738315,75.74,80.0,0.0517
baseline,80.0,4738325,92.66,80.0,0.0261
baseline,80.0,4738335,115.04,80.0,-0.01
baseline,80.0,4738345,135.65,80.0,-0.0457
baseline,80.0,4738355,106.56,80.0,-0.0063
baseline,80.0,4738365,74.25,80.0,0.0416
baseline,80.0,4738375,81.63,80.0,0.0307
baseline,80.0,4738385,81.58,80.0,0.0304
baseline,80.0,4738395,60.91,80.0,0.0624
baseline,80.0,4738405,56.73,80.0,0.0709
baseline,80.0,4738415,61.97,80.0,0.0652
baseline,80.0,4738425,55.61,80.0,0.0768
baseline,80.0,4738435,67.33,80.0,0.0613
baseline,80.0,4738445,90.24,80.0,0.0268
baseline,80.0,4738455,115.83,80.0,-0.0141
baseline,80.0,4738465,132.09,80.0,-0.043
baseline,80.0,4738475,111.39,80.0,-0.0164
baseline,80.0,4738485,76.86,80.0,0.034
baseline,80.0,4738495,58.26,80.0,0.0633
baseline,80.0,4738505,63.96,80.0,0.0566
baseline,80.0,4738515,69.03,80.0,0.0502
baseline,80.0,4738525,51.94,80.0,0.0777
baseline,80.0,4738535,57.94,80.0,0.0715
baseline,80.0,4738545,63.08,80.0,0.0656
baseline,80.0,4738555,52.3,80.0,0.0841
baseline,80.0,4738565,57.05,80.0,0.0797
baseline,80.0,4738575,84.44,80.0,0.0395
baseline,80.0,4738585,118.65,80.0,-0.0143
baseline,80.0,4738595,142.49,80.0,-0.0555
baseline,80.0,4738605,110.13,80.0,-0.0117
baseline,80.0,4738615,81.15,80.0,0.0305
baseline,80.0,4738625,69.82,80.0,0.0483
baseline,80.0,4738635,69.2,80.0,0.0503
baseline,80.0,4738645,63.97,80.0,0.0594
baseline,80.0,4738655,53.67,80.0,0.077
baseline,80.0,4738665,50.9,80.0,0.0838
baseline,80.0,4738675,57.21,80.0,0.0768
baseline,80.0,4738685,60.22,80.0,0.0746
baseline,80.0,4738695,79.55,80.0,0.0467
baseline,80.0,4738705,102.59,80.0,0.0109
baseline,80.0,4738715,126.16,80.0,-0.0281
baseline,80.0,4738725,126.56,80.0,-0.0339
baseline,80.0,4738735,90.67,80.0,0.0173
baseline,80.0,4738745,81.07,80.0,0.0314
baseline,80.0,4738755,83.47,80.0,0.0276
baseline,80.0,4738765,71.49,80.0,0.0458
baseline,80.0,4738775,62.06,80.0,0.0615
baseline,80.0,4738785,63.78,80.0,0.0604
baseline,80.0,4738795,64.8,80.0,0.0603
baseline,80.0,4738805,68.82,80.0,0.0555
baseline,80.0,4738815,72.83,80.0,0.0505
baseline,80.0,4738825,96.14,80.0,0.0152
baseline,80.0,4738835,124.92,80.0,-0.0311
baseline,80.0,4738845,124.48,80.0,-0.0354
baseline,80.0,4738855,86.3,80.0,0.0196
baseline,80.0,4738865,63.17,80.0,0.0554
baseline,80.0,4738875,72.09,80.0,0.0432
baseline,80.0,4738885,65.32,80.0,0.0542
baseline,80.0,4738895,53.2,80.0,0.0746
baseline,80.0,4738905,51.1,80.0,0.0808
baseline,80.0,4738915,54.93,80.0,0.0777
baseline,80.0,4738925,46.16,80.0,0.0936
baseline,80.0,4738935,56.95,80.0,0.0803
baseline,80.0,4738945,74.29,80.0,0.0556
baseline,80.0,4738955,95.32,80.0,0.0235
baseline,80.0,4738965,120.72,80.0,-0.0175
baseline,80.0,4738975,136.21,80.0,-0.0459
baseline,80.0,4738985,113.56,80.0,-0.0165
baseline,80.0,4738995,77.86,80.0,0.0359
baseline,80.0,4739005,70.09,80.0,0.0483
baseline,80.0,4739015,70.23,80.0,0.0489
baseline,80.0,4739025,61.46,80.0,0.0634
baseline,80.0,4739035,51.8,80.0,0.0803
baseline,80.0,4739045,51.36,80.0,0.0838
baseline,80.0,4739055,57.18,80.0,0.0779
baseline,80.0,4739065,74.95,80.0,0.0525
baseline,80.0,4739075,96.01,80.0,0.0204
baseline,80.0,4739085,118.54,80.0,-0.0162
baseline,80.0,4739095,133.37,80.0,-0.0433
baseline,80.0,4739105,100.37,80.0,0.0022
baseline,80.0,4739115,74.74,80.0,0.0403
baseline,80.0,4739125,84.03,80.0,0.0264
baseline,80.0,4739135,78.46,80.0,0.0345
baseline,80.0,4739145,62.68,80.0,0.0593
baseline,80.0,4739155,57.67,80.0,0.069
baseline,80.0,4739165,60.17,80.0,0.0674
baseline,80.0,4739175,58.41,80.0,0.0722
baseline,80.0,4739185,68.18,80.0,0.0594
baseline,80.0,4739195,95.73,80.0,0.0178
baseline,80.0,4739205,118.0,80.0,-0.0184
baseline,80.0,4739215,134.62,80.0,-0.0481
baseline,80.0,4739225,107.72,80.0,-0.0121
baseline,80.0,4739235,72.15,80.0,0.0404
baseline,80.0,4739245,59.45,80.0,0.0611
baseline,80.0,4739255,66.35,80.0,0.0523
baseline,80.0,4739265,65.1,80.0,0.0555
baseline,80.0,4739275,54.38,80.0,0.0737
baseline,80.0,4739285,54.9,80.0,0.0755
baseline,80.0,4739295,60.24,80.0,0.0693
baseline,80.0,4739305,51.97,80.0,0.0843
baseline,80.0,4739315,60.36,80.0,0.0744
baseline,80.0,4739325,88.32,80.0,0.033
baseline,80.0,4739335,122.13,80.0,-0.0205
baseline,80.0,4739345,140.97,80.0,-0.0542
baseline,80.0,4739355,107.82,80.0,-0.009
baseline,80.0,4739365,77.44,80.0,0.0355
baseline,80.0,4739375,68.02,80.0,0.0506
baseline,80.0,4739385,70.72,80.0,0.0475
baseline,80.0,4739395,63.1,80.0,0.0604
baseline,80.0,4739405,53.93,80.0,0.0763
baseline,80.0,4739415,50.8,80.0,0.0836
baseline,80.0,4739425,54.54,80.0,0.0806
baseline,80.0,4739435,60.41,80.0,0.074
baseline,80.0,4739445,80.68,80.0,0.0445
baseline,80.0,4739455,103.11,80.0,0.0095
baseline,80.0,4739465,127.05,80.0,-0.03
baseline,80.0,4739475,125.66,80.0,-0.0329
baseline,80.0,4739485,93.58,80.0,0.0126
baseline,80.0,4739495,77.46,80.0,0.0366
baseline,80.0,4739505,84.63,80.0,0.0257
baseline,80.0,4739515,71.64,80.0,0.0452
baseline,80.0,4739525,63.04,80.0,0.0598
baseline,80.0,4739535,65.37,80.0,0.0579
baseline,80.0,4739545,65.75,80.0,0.0587
baseline,80.0,4739555,66.72,80.0,0.0584
baseline,80.0,4739565,74.41,80.0,0.048
baseline,80.0,4739575,96.48,80.0,0.0145
baseline,80.0,4739585,126.65,80.0,-0.0342
baseline,80.0,4739595,123.53,80.0,-0.0344
baseline,80.0,4739605,82.07,80.0,0.0259
baseline,80.0,4739615,67.0,80.0,0.0496
baseline,80.0,4739625,73.8,80.0,0.0405
baseline,80.0,4739635,67.02,80.0,0.0515
baseline,80.0,4739645,52.21,80.0,0.076
baseline,80.0,4739655,52.91,80.0,0.0779
baseline,80.0,4739665,55.48,80.0,0.0766
baseline,80.0,4739675,47.59,80.0,0.0913
baseline,80.0,4739685,57.55,80.0,0.0792
baseline,80.0,4739695,76.42,80.0,0.052
baseline,80.0,4739705,94.18,80.0,0.0248
baseline,80.0,4739715,122.29,80.0,-0.0203
baseline,80.0,4739725,136.09,80.0,-0.0463
baseline,80.0,4739735,110.88,80.0,-0.013
baseline,80.0,4739745,76.04,80.0,0.0382
baseline,80.0,4739755,69.24,80.0,0.0492
baseline,80.0,4739765,73.32,80.0,0.0439
baseline,80.0,4739775,61.44,80.0,0.0631
baseline,80.0,4739785,52.76,80.0,0.0787
baseline,80.0,4739795,52.01,80.0,0.0826
baseline,80.0,4739805,59.44,80.0,0.0741
baseline,80.0,4739815,72.83,80.0,0.0553
baseline,80.0,4739825,96.57,80.0,0.019
baseline,80.0,4739835,121.24,80.0,-0.0209
baseline,80.0,4739845,131.82,80.0,-0.0417
baseline,80.0,4739855,98.56,80.0,0.0045
baseline,80.0,4739865,74.19,80.0,0.0408
baseline,80.0,4739875,83.31,80.0,0.0272
baseline,80.0,4739885,78.23,80.0,0.0346
baseline,80.0,4739895,63.49,80.0,0.0578
baseline,80.0,4739905,55.1,80.0,0.0726
baseline,80.0,4739915,58.5,80.0,0.0698
baseline,80.0,4739925,59.54,80.0,0.0703
baseline,80.0,4739935,70.91,80.0,0.055
baseline,80.0,4739945,94.85,80.0,0.0188
baseline,80.0,4739955,117.36,80.0,-0.0178
baseline,80.0,4739965,133.22,80.0,-0.0464
baseline,80.0,4739975,108.71,80.0,-0.0138
baseline,80.0,4739985,74.02,80.0,0.0375
baseline,80.0,4739995,60.35,80.0,0.0595
baseline,80.0,4740005,64.31,80.0,0.0553
baseline,80.0,4740015,65.79,80.0,0.0543
baseline,80.0,4740025,51.79,80.0,0.0773
baseline,80.0,4740035,56.45,80.0,0.073
baseline,80.0,4740045,61.71,80.0,0.0669
baseline,80.0,4740055,49.5,80.0,0.0878
baseline,80.0,4740065,61.32,80.0,0.0727
baseline,80.0,4740075,88.4,80.0,0.0326
baseline,80.0,4740085,125.02,80.0,-0.0252
baseline,80.0,4740095,139.17,80.0,-0.052
baseline,80.0,4740105,110.35,80.0,-0.0132
baseline,80.0,4740115,78.8,80.0,0.033
baseline,80.0,4740125,65.76,80.0,0.0535
baseline,80.0,4740135,67.64,80.0,0.0519
baseline,80.0,4740145,63.64,80.0,0.0593
baseline,80.0,4740155,54.59,80.0,0.0751
baseline,80.0,4740165,52.32,80.0,0.0812
baseline,80.0,4740175,55.0,80.0,0.0797
baseline,80.0,4740185,61.82,80.0,0.0717
baseline,80.0,4740195,86.07,80.0,0.0359
baseline,80.0,4740205,105.68,80.0,0.005
baseline,80.0,4740215,127.79,80.0,-0.0319
baseline,80.0,4740225,123.04,80.0,-0.0298
baseline,80.0,4740235,90.39,80.0,0.0168
baseline,80.0,4740245,79.5,80.0,0.0331
baseline,80.0,4740255,85.63,80.0,0.0237
baseline,80.0,4740265,70.46,80.0,0.0466
baseline,80.0,4740275,63.17,80.0,0.0593
baseline,80.0,4740285,65.08,80.0,0.058
baseline,80.0,4740295,68.55,80.0,0.0541
baseline,80.0,4740305,66.56,80.0,0.0584
baseline,80.0,4740315,74.36,80.0,0.0478
baseline,80.0,4740325,97.82,80.0,0.0119
baseline,80.0,4740335,127.21,80.0,-0.0356
baseline,80.0,4740345,120.48,80.0,-0.0303
baseline,80.0,4740355,79.85,80.0,0.0288
baseline,80.0,4740365,65.9,80.0,0.0509
baseline,80.0,4740375,75.38,80.0,0.0376
baseline,80.0,4740385,65.18,80.0,0.0538
baseline,80.0,4740395,51.65,80.0,0.0765
baseline,80.0,4740405,52.97,80.0,0.0776
baseline,80.0,4740415,54.87,80.0,0.0772
baseline,80.0,4740425,47.78,80.0,0.0907
baseline,80.0,4740435,56.51,80.0,0.0803
baseline,80.0,4740445,75.64,80.0,0.0528
baseline,80.0,4740455,94.61,80.0,0.0236
baseline,80.0,4740465,124.45,80.0,-0.0243
baseline,80.0,4740475,136.19,80.0,-0.0473
baseline,80.0,4740485,104.74,80.0,-0.0046
baseline,80.0,4740495,73.52,80.0,0.0415
baseline,80.0,4740505,68.43,80.0,0.0501
baseline,80.0,4740515,72.11,80.0,0.0454
baseline,80.0,4740525,58.09,80.0,0.0679
baseline,80.0,4740535,53.62,80.0,0.0771
baseline,80.0,4740545,52.06,80.0,0.0822
baseline,80.0,4740555,56.27,80.0,0.0786
baseline,80.0,4740565,76.73,80.0,0.0491
baseline,80.0,4740575,96.76,80.0,0.0185
baseline,80.0,4740585,120.96,80.0,-0.0208
baseline,80.0,4740595,131.88,80.0,-0.0421
baseline,80.0,4740605,95.87,80.0,0.0083
baseline,80.0,4740615,72.43,80.0,0.0433
baseline,80.0,4740625,83.16,80.0,0.0274
baseline,80.0,4740635,76.07,80.0,0.0376
baseline,80.0,4740645,62.28,80.0,0.0595
baseline,80.0,4740655,57.9,80.0,0.0684
baseline,80.0,4740665,61.24,80.0,0.0656
baseline,80.0,4740675,59.06,80.0,0.071
baseline,80.0,4740685,69.68,80.0,0.0567
baseline,80.0,4740695,94.31,80.0,0.0195
baseline,80.0,4740705,119.92,80.0,-0.0217
baseline,80.0,4740715,132.85,80.0,-0.0459
baseline,80.0,4740725,108.78,80.0,-0.0139
baseline,80.0,4740735,74.05,80.0,0.0374
baseline,80.0,4740745,61.29,80.0,0.0581
baseline,80.0,4740755,64.39,80.0,0.0551
baseline,80.0,4740765,66.86,80.0,0.0527
baseline,80.0,4740775,52.75,80.0,0.076
baseline,80.0,4740785,56.63,80.0,0.0728
baseline,80.0,4740795,58.77,80.0,0.0714
baseline,80.0,4740805,51.32,80.0,0.0852
baseline,80.0,4740815,60.42,80.0,0.0743
baseline,80.0,4740825,90.84,80.0,0.0292
baseline,80.0,4740835,121.01,80.0,-0.0189
baseline,80.0,4740845,139.26,80.0,-0.0518
baseline,80.0,4740855,107.29,80.0,-0.0083
baseline,80.0,4740865,77.09,80.0,0.036
baseline,80.0,4740875,69.97,80.0,0.0475
baseline,80.0,4740885,69.95,80.0,0.0486
baseline,80.0,4740895,63.05,80.0,0.0604
baseline,80.0,4740905,57.43,80.0,0.071
baseline,80.0,4740915,52.05,80.0,0.0816
baseline,80.0,4740925,56.11,80.0,0.0781
baseline,80.0,4740935,59.15,80.0,0.0758
baseline,80.0,4740945,79.89,80.0,0.0456
baseline,80.0,4740955,104.98,80.0,0.0066
baseline,80.0,4740965,127.39,80.0,-0.0307
baseline,80.0,4740975,125.7,80.0,-0.0332
baseline,80.0,4740985,91.39,80.0,0.0157
baseline,80.0,4740995,79.8,80.0,0.0329
baseline,80.0,4741005,84.68,80.0,0.0253
baseline,80.0,4741015,67.52,80.0,0.0514
baseline,80.0,4741025,62.3,80.0,0.0608
baseline,80.0,4741035,63.51,80.0,0.0605
baseline,80.0,4741045,65.02,80.0,0.0597
baseline,80.0,4741055,69.48,80.0,0.0542
baseline,80.0,4741065,73.43,80.0,0.0494
baseline,80.0,4741075,98.09,80.0,0.0119
baseline,80.0,4741085,125.3,80.0,-0.0323
baseline,80.0,4741095,120.06,80.0,-0.0291
baseline,80.0,4741105,80.68,80.0,0.0279
baseline,80.0,4741115,65.5,80.0,0.0518
baseline,120.0,4741125,69.99,80.0,0.0
baseline,120.0,4741135,35.29,80.0,0.0
baseline,120.0,4741145,-4.24,80.0,0.0
baseline,120.0,4741155,-32.32,80.0,0.0
baseline,120.0,4741165,-42.89,80.0,0.0
baseline,120.0,4741175,-32.43,80.0,0.0
baseline,120.0,4741185,-13.08,80.0,0.0
baseline,120.0,4741195,-4.0,80.0,0.0
baseline,120.0,4741205,-1.23,80.0,0.0
baseline,120.0,4741215,-0.38,80.0,0.0
baseline,120.0,4741225,-0.11,80.0,0.0
baseline,120.0,4741235,-0.04,80.0,0.0
baseline,120.0,4741245,-0.01,80.0,0.0
baseline,120.0,4741255,-0.0,80.0,0.0
baseline,120.0,4741265,-0.0,80.0,0.0
baseline,120.0,4741275,-0.0,80.0,0.0
baseline,120.0,4741285,-0.0,80.0,0.0
baseline,120.0,4741295,-0.0,80.0,0.0
baseline,120.0,4741305,-0.0,80.0,0.0
baseline,120.0,4741315,-0.0,80.0,0.0
baseline,120.0,4741325,-0.0,80.0,0.0
baseline,120.0,4741335,-0.0,80.0,0.0
baseline,120.0,4741345,-0.0,80.0,0.0
baseline,120.0,4741355,-0.0,80.0,0.0
baseline,120.0,4741365,-0.0,80.0,0.0
baseline,120.0,4741375,-0.0,80.0,0.0
baseline,120.0,4741385,-0.0,80.0,0.0
baseline,120.0,4741395,-0.0,80.0,0.0
baseline,120.0,4741405,-0.0,80.0,0.0
baseline,120.0,4741415,-0.0,80.0,0.0
baseline,120.0,4741425,-0.0,80.0,0.0
baseline,120.0,4741435,-0.0,80.0,0.0
baseline,120.0,4741445,-0.0,80.0,0.0
baseline,120.0,4741455,-0.0,80.0,0.0
baseline,120.0,4741465,-0.0,80.0,0.0
baseline,120.0,4741475,-0.0,80.0,0.0
baseline,120.0,4741485,-0.0,80.0,0.0
baseline,120.0,4741495,-0.0,80.0,0.0
baseline,120.0,4741505,-0.0,80.0,0.0
baseline,120.0,4741515,-0.0,80.0,0.0
baseline,120.0,4741525,-0.0,80.0,0.0
baseline,120.0,4741535,-0.0,80.0,0.0
baseline,120.0,4741545,-0.0,80.0,0.0
baseline,120.0,4741555,-0.0,80.0,0.0
baseline,120.0,4741565,-0.0,80.0,0.0
baseline,120.0,4741575,-0.0,80.0,0.0
baseline,120.0,4741585,-0.0,80.0,0.0
baseline,120.0,4741595,-0.0,80.0,0.0
baseline,120.0,4741605,-0.0,80.0,0.0
baseline,120.0,4741615,-0.0,80.0,0.0
baseline,120.0,4741625,-0.0,80.0,0.0
baseline,120.0,4741635,-0.0,80.0,0.0
baseline,120.0,4741645,-0.0,120.0,0.0
baseline,120.0,4741655,-0.0,120.0,0.0
baseline,120.0,4741665,-0.0,120.0,0.0
baseline,120.0,4741675,-0.0,120.0,0.0
baseline,120.0,4741685,-0.0,120.0,0.0
baseline,120.0,4741695,-0.0,120.0,0.0
baseline,120.0,4741705,-0.0,120.0,0.0
baseline,120.0,4741715,-0.0,120.0,0.0
baseline,120.0,4741725,-0.0,120.0,0.0
baseline,120.0,4741735,-0.0,120.0,0.0
baseline,120.0,4741745,-0.0,120.0,0.0
baseline,120.0,4741755,-0.0,120.0,0.0
baseline,120.0,4741765,-0.0,120.0,0.0
baseline,120.0,4741775,-0.0,120.0,0.0
baseline,120.0,4741785,-0.0,120.0,0.0
baseline,120.0,4741795,-0.0,120.0,0.0
baseline,120.0,4741805,-0.0,120.0,0.0
baseline,120.0,4741815,-0.0,120.0,0.0
baseline,120.0,4741825,-0.0,120.0,0.0
baseline,120.0,4741835,-0.0,120.0,0.0
baseline,120.0,4741845,-0.0,120.0,0.0
baseline,120.0,4741855,-0.0,120.0,0.0
baseline,120.0,4741865,-0.0,120.0,0.0
baseline,120.0,4741875,-0.0,120.0,0.0
baseline,120.0,4741885,-0.0,120.0,0.0
baseline,120.0,4741895,-0.0,120.0,0.0
baseline,120.0,4741905,-0.0,120.0,0.0
baseline,120.0,4741915,-0.0,120.0,0.0
baseline,120.0,4741925,-0.0,120.0,0.0
baseline,120.0,4741935,-0.0,120.0,0.0
baseline,120.0,4741945,-0.0,120.0,0.0
baseline,120.0,4741955,-0.0,120.0,0.0
baseline,120.0,4741965,-0.0,120.0,0.0
baseline,120.0,4741975,-0.0,120.0,0.0
baseline,120.0,4741985,-0.0,120.0,0.0
baseline,120.0,4741995,-0.0,120.0,0.0
baseline,120.0,4742005,-0.0,120.0,0.0
baseline,120.0,4742015,-0.0,120.0,0.0
baseline,120.0,4742025,-0.0,120.0,0.0
baseline,120.0,4742035,-0.0,120.0,0.0
baseline,120.0,4742045,-0.0,120.0,0.0
baseline,120.0,4742055,-0.0,120.0,0.0
baseline,120.0,4742065,-0.0,120.0,0.0
baseline,120.0,4742075,-0.0,120.0,0.0
baseline,120.0,4742085,-0.0,120.0,0.0
baseline,120.0,4742095,-0.0,120.0,0.0
baseline,120.0,4742105,-0.0,120.0,0.0
baseline,120.0,4742115,-0.0,120.0,0.0
baseline,120.0,4742125,-0.0,120.0,0.0
baseline,120.0,4742135,-0.0,120.0,0.0
baseline,120.0,4742145,-0.0,120.0,0.0
baseline,120.0,4742155,-0.0,120.0,0.0
baseline,120.0,4742165,-0.0,120.0,0.0
baseline,120.0,4742175,-0.0,120.0,0.0
baseline,120.0,4742185,-0.0,120.0,0.0
baseline,120.0,4742195,-0.0,120.0,0.0
baseline,120.0,4742205,-0.0,120.0,0.0
baseline,120.0,4742215,-0.0,120.0,0.0
baseline,120.0,4742225,-0.0,120.0,0.0
baseline,120.0,4742235,-0.0,120.0,0.0
baseline,120.0,4742245,-0.0,120.0,0.0
baseline,120.0,4742255,-0.0,120.0,0.0
baseline,120.0,4742265,-0.0,120.0,0.0
baseline,120.0,4742275,-0.0,120.0,0.0
baseline,120.0,4742285,-0.0,120.0,0.0
baseline,120.0,4742295,-0.0,120.0,0.0
baseline,120.0,4742305,-0.0,120.0,0.0
baseline,120.0,4742315,-0.0,120.0,0.0
baseline,120.0,4742325,-0.0,120.0,0.0
baseline,120.0,4742335,-0.0,120.0,0.0
baseline,120.0,4742345,-0.0,120.0,0.0
baseline,120.0,4742355,-0.0,120.0,0.0
baseline,120.0,4742365,-0.0,120.0,0.0
baseline,120.0,4742375,-0.0,120.0,0.0
baseline,120.0,4742385,-0.0,120.0,0.0
baseline,120.0,4742395,-0.0,120.0,0.0
baseline,120.0,4742405,-0.0,120.0,0.0
baseline,120.0,4742415,-0.0,120.0,0.0
baseline,120.0,4742425,-0.0,120.0,0.0
baseline,120.0,4742435,-0.0,120.0,0.0
baseline,120.0,4742445,-0.0,120.0,0.0
baseline,120.0,4742455,-0.0,120.0,0.0
baseline,120.0,4742465,-0.0,120.0,0.0
baseline,120.0,4742475,-0.0,120.0,0.0
baseline,120.0,4742485,-0.0,120.0,0.0
baseline,120.0,4742495,-0.0,120.0,0.0
baseline,120.0,4742505,-0.0,120.0,0.0
baseline,120.0,4742515,-0.0,120.0,0.0
baseline,120.0,4742525,-0.0,120.0,0.0
baseline,120.0,4742535,-0.0,120.0,0.0
baseline,120.0,4742545,-0.0,120.0,0.0
baseline,120.0,4742555,-0.0,120.0,0.0
baseline,120.0,4742565,-0.0,120.0,0.0
baseline,120.0,4742575,-0.0,120.0,0.0
baseline,120.0,4742585,-0.0,120.0,0.0
baseline,120.0,4742595,-0.0,120.0,0.0
baseline,120.0,4742605,-0.0,120.0,0.0
baseline,120.0,4742615,-0.0,120.0,0.0
baseline,120.0,4742625,-0.0,120.0,0.0
baseline,120.0,4742635,-0.0,120.0,0.0
baseline,120.0,4742645,-0.0,120.0,0.0
baseline,120.0,4742655,-0.0,120.0,0.0
baseline,120.0,4742665,-0.0,120.0,0.0
baseline,120.0,4742675,-0.0,120.0,0.0
baseline,120.0,4742685,-0.0,120.0,0.0
baseline,120.0,4742695,-0.0,120.0,0.0
baseline,120.0,4742705,-0.0,120.0,0.0
baseline,120.0,4742715,-0.0,120.0,0.0
baseline,120.0,4742725,-0.0,120.0,0.0
baseline,120.0,4742735,-0.0,120.0,0.0
baseline,120.0,4742745,-0.0,120.0,0.0
baseline,120.0,4742755,-0.0,120.0,0.0
baseline,120.0,4742765,-0.0,120.0,0.0
baseline,120.0,4742775,-0.0,120.0,0.0
baseline,120.0,4742785,-0.0,120.0,0.0
baseline,120.0,4742795,-0.0,120.0,0.0
baseline,120.0,4742805,-0.0,120.0,0.0
baseline,120.0,4742815,-0.0,120.0,0.0
baseline,120.0,4742825,-0.0,120.0,0.0
baseline,120.0,4742835,-0.0,120.0,0.0
baseline,120.0,4742845,-0.0,120.0,0.0
baseline,120.0,4742855,-0.0,120.0,0.0
baseline,120.0,4742865,-0.0,120.0,0.0
baseline,120.0,4742875,-0.0,120.0,0.0
baseline,120.0,4742885,-0.0,120.0,0.0
baseline,120.0,4742895,-0.0,120.0,0.0
baseline,120.0,4742905,-0.0,120.0,0.0
baseline,120.0,4742915,-0.0,120.0,0.0
baseline,120.0,4742925,-0.0,120.0,0.0
baseline,120.0,4742935,-0.0,120.0,0.0
baseline,120.0,4742945,-0.0,120.0,0.0
baseline,120.0,4742955,-0.0,120.0,0.0
baseline,120.0,4742965,-0.0,120.0,0.0
baseline,120.0,4742975,-0.0,120.0,0.0
baseline,120.0,4742985,-0.0,120.0,0.0
baseline,120.0,4742995,-0.0,120.0,0.0
baseline,120.0,4743005,-0.0,120.0,0.0
baseline,120.0,4743015,-0.0,120.0,0.0
baseline,120.0,4743025,-0.0,120.0,0.0
baseline,120.0,4743035,-0.0,120.0,0.0
baseline,120.0,4743045,-0.0,120.0,0.0
baseline,120.0,4743055,-0.0,120.0,0.0
baseline,120.0,4743065,-0.0,120.0,0.0
baseline,120.0,4743075,-0.0,120.0,0.0
baseline,120.0,4743085,-0.0,120.0,0.0
baseline,120.0,4743095,-0.0,120.0,0.0
baseline,120.0,4743105,-0.0,120.0,0.0
baseline,120.0,4743115,-0.0,120.0,0.0
baseline,120.0,4743125,-0.0,120.0,0.0
baseline,120.0,4743135,-0.0,120.0,0.0
baseline,120.0,4743145,-0.0,120.0,0.0
baseline,120.0,4743155,-0.0,120.0,0.0
baseline,120.0,4743165,-0.0,120.0,0.0
baseline,120.0,4743175,-0.0,120.0,0.0
baseline,120.0,4743185,-0.0,120.0,0.0
baseline,120.0,4743195,-0.0,120.0,0.0
baseline,120.0,4743205,-0.0,120.0,0.0
baseline,120.0,4743215,-0.0,120.0,0.0
baseline,120.0,4743225,-0.0,120.0,0.0
baseline,120.0,4743235,-0.0,120.0,0.0
baseline,120.0,4743245,-0.0,120.0,0.0
baseline,120.0,4743255,-0.0,120.0,0.0
baseline,120.0,4743265,-0.0,120.0,0.0
baseline,120.0,4743275,-0.0,120.0,0.0
baseline,120.0,4743285,-0.0,120.0,0.0
baseline,120.0,4743295,-0.0,120.0,0.0
baseline,120.0,4743305,-0.0,120.0,0.0
baseline,120.0,4743315,-0.0,120.0,0.0
baseline,120.0,4743325,-0.0,120.0,0.0
baseline,120.0,4743335,-0.0,120.0,0.0
baseline,120.0,4743345,-0.0,120.0,0.0
baseline,120.0,4743355,-0.0,120.0,0.0
baseline,120.0,4743365,-0.0,120.0,0.0
baseline,120.0,4743375,-0.0,120.0,0.0
baseline,120.0,4743385,-0.0,120.0,0.0
baseline,120.0,4743395,-0.0,120.0,0.0
baseline,120.0,4743405,-0.0,120.0,0.0
baseline,120.0,4743415,-0.0,120.0,0.0
baseline,120.0,4743425,-0.0,120.0,0.0
baseline,120.0,4743435,-0.0,120.0,0.0
baseline,120.0,4743445,-0.0,120.0,0.0
baseline,120.0,4743455,-0.0,120.0,0.0
baseline,120.0,4743465,-0.0,120.0,0.0
baseline,120.0,4743475,-0.0,120.0,0.0
baseline,120.0,4743485,-0.0,120.0,0.0
baseline,120.0,4743495,-0.0,120.0,0.0
baseline,120.0,4743505,-0.0,120.0,0.0
baseline,120.0,4743515,-0.0,120.0,0.0
baseline,120.0,4743525,-0.0,120.0,0.0
baseline,120.0,4743535,-0.0,120.0,0.0
baseline,120.0,4743545,-0.0,120.0,0.0
baseline,120.0,4743555,-0.0,120.0,0.0
baseline,120.0,4743565,-0.0,120.0,0.0
baseline,120.0,4743575,-0.0,120.0,0.0
baseline,120.0,4743585,-0.0,120.0,0.0
baseline,120.0,4743595,-0.0,120.0,0.0
baseline,120.0,4743605,-0.0,120.0,0.0
baseline,120.0,4743615,-0.0,120.0,0.0
baseline,120.0,4743625,-0.0,120.0,0.0
baseline,120.0,4743635,-0.0,120.0,0.0
baseline,120.0,4743645,-0.0,120.0,0.0
baseline,120.0,4743655,-0.0,120.0,0.0
baseline,120.0,4743665,-0.0,120.0,0.0
baseline,120.0,4743675,-0.0,120.0,0.0
baseline,120.0,4743685,-0.0,120.0,0.0
baseline,120.0,4743695,-0.0,120.0,0.0
baseline,120.0,4743705,-0.0,120.0,0.0
baseline,120.0,4743715,-0.0,120.0,0.0
baseline,120.0,4743725,-0.0,120.0,0.0
baseline,120.0,4743735,-0.0,120.0,0.0
baseline,120.0,4743745,-0.0,120.0,0.0
baseline,120.0,4743755,-0.0,120.0,0.0
baseline,120.0,4743765,-0.0,120.0,0.0
baseline,120.0,4743775,-0.0,120.0,0.0
baseline,120.0,4743785,-0.0,120.0,0.0
baseline,120.0,4743795,-0.0,120.0,0.0
baseline,120.0,4743805,-0.0,120.0,0.0
baseline,120.0,4743815,-0.0,120.0,0.0
baseline,120.0,4743825,-0.0,120.0,0.0
baseline,120.0,4743835,-0.0,120.0,0.0
baseline,120.0,4743845,-0.0,120.0,0.0
baseline,120.0,4743855,-0.0,120.0,0.0
baseline,120.0,4743865,-0.0,120.0,0.0
baseline,120.0,4743875,-0.0,120.0,0.0
baseline,120.0,4743885,-0.0,120.0,0.0
baseline,120.0,4743895,-0.0,120.0,0.0
baseline,120.0,4743905,-0.0,120.0,0.0
baseline,120.0,4743915,-0.0,120.0,0.0
baseline,120.0,4743925,-0.0,120.0,0.0
baseline,120.0,4743935,-0.0,120.0,0.0
baseline,120.0,4743945,-0.0,120.0,0.0
baseline,120.0,4743955,-0.0,120.0,0.0
baseline,120.0,4743965,-0.0,120.0,0.0
baseline,120.0,4743975,-0.0,120.0,0.0
baseline,120.0,4743985,-0.0,120.0,0.0
baseline,120.0,4743995,-0.0,120.0,0.0
baseline,120.0,4744005,-0.0,120.0,0.0
baseline,120.0,4744015,-0.0,120.0,0.0
baseline,120.0,4744025,-0.0,120.0,0.0
baseline,120.0,4744035,-0.0,120.0,0.0
baseline,120.0,4744045,-0.0,120.0,0.0
baseline,120.0,4744055,-0.0,120.0,0.0
baseline,120.0,4744065,-0.0,120.0,0.0
baseline,120.0,4744075,-0.0,120.0,0.0
baseline,120.0,4744085,-0.0,120.0,0.0
baseline,120.0,4744095,-0.0,120.0,0.0
baseline,120.0,4744105,-0.0,120.0,0.0
baseline,120.0,4744115,-0.0,120.0,0.0
baseline,120.0,4744125,-0.0,120.0,0.0
baseline,120.0,4744135,-0.0,120.0,0.0
baseline,120.0,4744145,-0.0,120.0,0.0
baseline,120.0,4744155,-0.0,120.0,0.0
baseline,120.0,4744165,-0.0,120.0,0.0
baseline,120.0,4744175,-0.0,120.0,0.0
baseline,120.0,4744185,-0.0,120.0,0.0
baseline,120.0,4744195,-0.0,120.0,0.0
baseline,120.0,4744205,-0.0,120.0,0.0
baseline,120.0,4744215,-0.0,120.0,0.0
baseline,120.0,4744225,-0.0,120.0,0.0
baseline,120.0,4744235,-0.0,120.0,0.0
baseline,120.0,4744245,-0.0,120.0,0.0
baseline,120.0,4744255,-0.0,120.0,0.0
baseline,120.0,4744265,-0.0,120.0,0.0
baseline,120.0,4744275,-0.0,120.0,0.0
baseline,120.0,4744285,-0.0,120.0,0.0
baseline,120.0,4744295,-0.0,120.0,0.0
baseline,120.0,4744305,-0.0,120.0,0.0
baseline,120.0,4744315,-0.0,120.0,0.0
baseline,120.0,4744325,-0.0,120.0,0.0
baseline,120.0,4744335,-0.0,120.0,0.0
baseline,120.0,4744345,-0.0,120.0,0.0
baseline,120.0,4744355,-0.0,120.0,0.0
baseline,120.0,4744365,-0.0,120.0,0.0
baseline,120.0,4744375,-0.0,120.0,0.0
baseline,120.0,4744385,-0.0,120.0,0.0
baseline,120.0,4744395,-0.0,120.0,0.0
baseline,120.0,4744405,-0.0,120.0,0.0
baseline,120.0,4744415,-0.0,120.0,0.0
baseline,120.0,4744425,-0.0,120.0,0.0
baseline,120.0,4744435,-0.0,120.0,0.0
baseline,120.0,4744445,-0.0,120.0,0.0
baseline,120.0,4744455,-0.0,120.0,0.0
baseline,120.0,4744465,-0.0,120.0,0.0
baseline,120.0,4744475,-0.0,120.0,0.0
baseline,120.0,4744485,-0.0,120.0,0.0
baseline,120.0,4744495,-0.0,120.0,0.0
baseline,120.0,4744505,-0.0,120.0,0.0
baseline,120.0,4744515,-0.0,120.0,0.0
baseline,120.0,4744525,-0.0,120.0,0.0
baseline,120.0,4744535,-0.0,120.0,0.0
baseline,120.0,4744545,-0.0,120.0,0.0
baseline,120.0,4744555,-0.0,120.0,0.0
baseline,120.0,4744565,-0.0,120.0,0.0
baseline,120.0,4744575,-0.0,120.0,0.0
baseline,120.0,4744585,-0.0,120.0,0.0
baseline,120.0,4744595,-0.0,120.0,0.0
baseline,120.0,4744605,-0.0,120.0,0.0
baseline,120.0,4744615,-0.0,120.0,0.0
baseline,120.0,4744625,-0.0,120.0,0.0
baseline,120.0,4744635,-0.0,120.0,0.0
baseline,120.0,4744645,-0.0,120.0,0.0
baseline,120.0,4744655,-0.0,120.0,0.0
baseline,120.0,4744665,-0.0,120.0,0.0
baseline,120.0,4744675,-0.0,120.0,0.0
baseline,120.0,4744685,-0.0,120.0,0.0
baseline,120.0,4744695,-0.0,120.0,0.0
baseline,120.0,4744705,-0.0,120.0,0.0
baseline,120.0,4744715,-0.0,120.0,0.0
baseline,120.0,4744725,-0.0,120.0,0.0
baseline,120.0,4744735,-0.0,120.0,0.0
baseline,120.0,4744745,-0.0,120.0,0.0
baseline,120.0,4744755,-0.0,120.0,0.0
baseline,120.0,4744765,-0.0,120.0,0.0
baseline,120.0,4744775,-0.0,120.0,0.0
baseline,120.0,4744785,-0.0,120.0,0.0
baseline,120.0,4744795,-0.0,120.0,0.0
baseline,120.0,4744805,-0.0,120.0,0.0
baseline,120.0,4744815,-0.0,120.0,0.0
baseline,120.0,4744825,-0.0,120.0,0.0
baseline,120.0,4744835,-0.0,120.0,0.0
baseline,120.0,4744845,-0.0,120.0,0.0
baseline,120.0,4744855,-0.0,120.0,0.0
baseline,120.0,4744865,-0.0,120.0,0.0
baseline,120.0,4744875,-0.0,120.0,0.0
baseline,120.0,4744885,-0.0,120.0,0.0
baseline,120.0,4744895,-0.0,120.0,0.0
baseline,120.0,4744905,-0.0,120.0,0.0
baseline,120.0,4744915,-0.0,120.0,0.0
baseline,120.0,4744925,-0.0,120.0,0.0
baseline,120.0,4744935,-0.0,120.0,0.0
baseline,120.0,4744945,-0.0,120.0,0.0
baseline,120.0,4744955,-0.0,120.0,0.0
baseline,120.0,4744965,-0.0,120.0,0.0
baseline,120.0,4744975,-0.0,120.0,0.0
baseline,120.0,4744985,-0.0,120.0,0.0
baseline,120.0,4744995,-0.0,120.0,0.0
baseline,120.0,4745005,-0.0,120.0,0.0
baseline,120.0,4745015,-0.0,120.0,0.0
baseline,120.0,4745025,-0.0,120.0,0.0
baseline,120.0,4745035,-0.0,120.0,0.0
baseline,120.0,4745045,-0.0,120.0,0.0
baseline,120.0,4745055,-0.0,120.0,0.0
baseline,120.0,4745065,-0.0,120.0,0.0
baseline,120.0,4745075,-0.0,120.0,0.0
baseline,120.0,4745085,-0.0,120.0,0.0
baseline,120.0,4745095,-0.0,120.0,0.0
baseline,120.0,4745105,-0.0,120.0,0.0
baseline,120.0,4745115,-0.0,120.0,0.0
baseline,120.0,4745125,-0.0,120.0,0.0
baseline,120.0,4745135,-0.0,120.0,0.0
baseline,120.0,4745145,-0.0,120.0,0.0
baseline,120.0,4745155,-0.0,120.0,0.0
baseline,120.0,4745165,-0.0,120.0,0.0
baseline,120.0,4745175,-0.0,120.0,0.0
baseline,120.0,4745185,-0.0,120.0,0.0
baseline,120.0,4745195,-0.0,120.0,0.0
baseline,120.0,4745205,-0.0,120.0,0.0
baseline,120.0,4745215,-0.0,120.0,0.0
baseline,120.0,4745225,-0.0,120.0,0.0
baseline,120.0,4745235,-0.0,120.0,0.0
baseline,120.0,4745245,-0.0,120.0,0.0
baseline,120.0,4745255,-0.0,120.0,0.0
baseline,120.0,4745265,-0.0,120.0,0.0
baseline,120.0,4745275,-0.0,120.0,0.0
baseline,120.0,4745285,-0.0,120.0,0.0
baseline,120.0,4745295,-0.0,120.0,0.0
baseline,120.0,4745305,-0.0,120.0,0.0
baseline,120.0,4745315,-0.0,120.0,0.0
baseline,120.0,4745325,-0.0,120.0,0.0
baseline,120.0,4745335,-0.0,120.0,0.0
baseline,120.0,4745345,-0.0,120.0,0.0
baseline,120.0,4745355,-0.0,120.0,0.0
baseline,120.0,4745365,-0.0,120.0,0.0
baseline,120.0,4745375,-0.0,120.0,0.0
baseline,120.0,4745385,-0.0,120.0,0.0
baseline,120.0,4745395,-0.0,120.0,0.0
baseline,120.0,4745405,-0.0,120.0,0.0
baseline,120.0,4745415,-0.0,120.0,0.0
baseline,120.0,4745425,-0.0,120.0,0.0
baseline,120.0,4745435,-0.0,120.0,0.0
baseline,120.0,4745445,-0.0,120.0,0.0
baseline,120.0,4745455,-0.0,120.0,0.0
baseline,120.0,4745465,-0.0,120.0,0.0
baseline,120.0,4745475,-0.0,120.0,0.0
baseline,120.0,4745485,-0.0,120.0,0.0
baseline,120.0,4745495,-0.0,120.0,0.0
baseline,120.0,4745505,-0.0,120.0,0.0
baseline,120.0,4745515,-0.0,120.0,0.0
baseline,120.0,4745525,-0.0,120.0,0.0
baseline,120.0,4745535,-0.0,120.0,0.0
baseline,120.0,4745545,-0.0,120.0,0.0
baseline,120.0,4745555,-0.0,120.0,0.0
baseline,120.0,4745565,-0.0,120.0,0.0
baseline,120.0,4745575,-0.0,120.0,0.0
baseline,120.0,4745585,-0.0,120.0,0.0
baseline,120.0,4745595,-0.0,120.0,0.0
baseline,120.0,4745605,-0.0,120.0,0.0
baseline,120.0,4745615,-0.0,120.0,0.0
baseline,120.0,4745625,-0.0,120.0,0.0
baseline,120.0,4745635,-0.0,120.0,0.0
baseline,120.0,4745645,-0.0,120.0,0.0
baseline,120.0,4745655,-0.0,120.0,0.0
baseline,120.0,4745665,-0.0,120.0,0.0
baseline,120.0,4745675,-0.0,120.0,0.0
baseline,120.0,4745685,-0.0,120.0,0.0
baseline,120.0,4745695,-0.0,120.0,0.0
baseline,120.0,4745705,-0.0,120.0,0.0
baseline,120.0,4745715,-0.0,120.0,0.0
baseline,120.0,4745725,-0.0,120.0,0.0
baseline,120.0,4745735,-0.0,120.0,0.0
baseline,120.0,4745745,-0.0,120.0,0.0
baseline,120.0,4745755,-0.0,120.0,0.0
baseline,120.0,4745765,-0.0,120.0,0.0
baseline,120.0,4745775,-0.0,120.0,0.0
baseline,120.0,4745785,-0.0,120.0,0.0
baseline,120.0,4745795,-0.0,120.0,0.0
baseline,120.0,4745805,-0.0,120.0,0.0
baseline,120.0,4745815,-0.0,120.0,0.0
baseline,120.0,4745825,-0.0,120.0,0.0
baseline,120.0,4745835,-0.0,120.0,0.0
baseline,120.0,4745845,-0.0,120.0,0.0
baseline,120.0,4745855,-0.0,120.0,0.0
baseline,120.0,4745865,-0.0,120.0,0.0
baseline,120.0,4745875,-0.0,120.0,0.0
baseline,120.0,4745885,-0.0,120.0,0.0
baseline,120.0,4745895,-0.0,120.0,0.0
baseline,120.0,4745905,-0.0,120.0,0.0
baseline,120.0,4745915,-0.0,120.0,0.0
baseline,120.0,4745925,-0.0,120.0,0.0
baseline,120.0,4745935,-0.0,120.0,0.0
baseline,120.0,4745945,-0.0,120.0,0.0
baseline,120.0,4745955,-0.0,120.0,0.0
baseline,120.0,4745965,-0.0,120.0,0.0
baseline,120.0,4745975,-0.0,120.0,0.0
baseline,120.0,4745985,-0.0,120.0,0.0
baseline,120.0,4745995,-0.0,120.0,0.0
baseline,120.0,4746005,-0.0,120.0,0.0
baseline,120.0,4746015,-0.0,120.0,0.0
baseline,120.0,4746025,-0.0,120.0,0.0
baseline,120.0,4746035,-0.0,120.0,0.0
baseline,120.0,4746045,-0.0,120.0,0.0
baseline,120.0,4746055,-0.0,120.0,0.0
baseline,120.0,4746065,-0.0,120.0,0.0
baseline,120.0,4746075,-0.0,120.0,0.0
baseline,120.0,4746085,-0.0,120.0,0.0
baseline,120.0,4746095,-0.0,120.0,0.0
baseline,120.0,4746105,-0.0,120.0,0.0
baseline,120.0,4746115,-0.0,120.0,0.0
baseline,120.0,4746125,-0.0,120.0,0.0
baseline,120.0,4746135,-0.0,120.0,0.0
baseline,120.0,4746145,-0.0,120.0,0.0
baseline,120.0,4746155,-0.0,120.0,0.0
baseline,120.0,4746165,-0.0,120.0,0.0
baseline,120.0,4746175,-0.0,120.0,0.0
baseline,120.0,4746185,-0.0,120.0,0.0
baseline,120.0,4746195,-0.0,120.0,0.0
baseline,120.0,4746205,-0.0,120.0,0.0
baseline,120.0,4746215,-0.0,120.0,0.0
baseline,120.0,4746225,-0.0,120.0,0.0
baseline,120.0,4746235,-0.0,120.0,0.0
baseline,120.0,4746245,-0.0,120.0,0.0
baseline,120.0,4746255,-0.0,120.0,0.0
baseline,120.0,4746265,-0.0,120.0,0.0
baseline,120.0,4746275,-0.0,120.0,0.0
baseline,120.0,4746285,-0.0,120.0,0.0
baseline,120.0,4746295,-0.0,120.0,0.0
baseline,120.0,4746305,-0.0,120.0,0.0
baseline,120.0,4746315,-0.0,120.0,0.0
baseline,120.0,4746325,-0.0,120.0,0.0
baseline,120.0,4746335,-0.0,120.0,0.0
baseline,120.0,4746345,-0.0,120.0,0.0
baseline,120.0,4746355,-0.0,120.0,0.0
baseline,120.0,4746365,-0.0,120.0,0.0
baseline,120.0,4746375,-0.0,120.0,0.0
baseline,120.0,4746385,-0.0,120.0,0.0
baseline,120.0,4746395,-0.0,120.0,0.0
baseline,120.0,4746405,-0.0,120.0,0.0
baseline,120.0,4746415,-0.0,120.0,0.0
baseline,120.0,4746425,-0.0,120.0,0.0
baseline,120.0,4746435,-0.0,120.0,0.0
baseline,120.0,4746445,-0.0,120.0,0.0
baseline,120.0,4746455,-0.0,120.0,0.0
baseline,120.0,4746465,-0.0,120.0,0.0
baseline,120.0,4746475,-0.0,120.0,0.0
baseline,120.0,4746485,-0.0,120.0,0.0
baseline,120.0,4746495,-0.0,120.0,0.0
baseline,120.0,4746505,-0.0,120.0,0.0
baseline,120.0,4746515,-0.0,120.0,0.0
baseline,120.0,4746525,-0.0,120.0,0.0
baseline,120.0,4746535,-0.0,120.0,0.0
baseline,120.0,4746545,-0.0,120.0,0.0
baseline,120.0,4746555,-0.0,120.0,0.0
baseline,120.0,4746565,-0.0,120.0,0.0
baseline,120.0,4746575,-0.0,120.0,0.0
baseline,120.0,4746585,-0.0,120.0,0.0
baseline,120.0,4746595,-0.0,120.0,0.0
baseline,120.0,4746605,-0.0,120.0,0.0
baseline,120.0,4746615,-0.0,120.0,0.0
baseline,120.0,4746625,-0.0,120.0,0.0
baseline,120.0,4746635,-0.0,120.0,0.0
baseline,120.0,4746645,-0.0,120.0,0.0
baseline,120.0,4746655,-0.0,120.0,0.0
baseline,120.0,4746665,-0.0,120.0,0.0
baseline,120.0,4746675,-0.0,120.0,0.0
baseline,120.0,4746685,-0.0,120.0,0.0
baseline,120.0,4746695,-0.0,120.0,0.0
baseline,120.0,4746705,-0.0,120.0,0.0
baseline,120.0,4746715,-0.0,120.0,0.0
baseline,120.0,4746725,-0.0,120.0,0.0
baseline,120.0,4746735,-0.0,120.0,0.0
baseline,120.0,4746745,-0.0,120.0,0.0
baseline,120.0,4746755,-0.0,120.0,0.0
baseline,120.0,4746765,-0.0,120.0,0.0
baseline,120.0,4746775,-0.0,120.0,0.0
baseline,120.0,4746785,-0.0,120.0,0.0
baseline,120.0,4746795,-0.0,120.0,0.0
baseline,120.0,4746805,-0.0,120.0,0.0
baseline,120.0,4746815,-0.0,120.0,0.0
baseline,120.0,4746825,-0.0,120.0,0.0
baseline,120.0,4746835,-0.0,120.0,0.0
baseline,120.0,4746845,-0.0,120.0,0.0
baseline,120.0,4746855,-0.0,120.0,0.0
baseline,120.0,4746865,-0.0,120.0,0.0
baseline,120.0,4746875,-0.0,120.0,0.0
baseline,120.0,4746885,-0.0,120.0,0.0
baseline,120.0,4746895,-0.0,120.0,0.0
baseline,120.0,4746905,-0.0,120.0,0.0
baseline,120.0,4746915,-0.0,120.0,0.0
baseline,120.0,4746925,-0.0,120.0,0.0
baseline,120.0,4746935,-0.0,120.0,0.0
baseline,120.0,4746945,-0.0,120.0,0.0
baseline,120.0,4746955,-0.0,120.0,0.0
baseline,120.0,4746965,-0.0,120.0,0.0
baseline,120.0,4746975,-0.0,120.0,0.0
baseline,120.0,4746985,-0.0,120.0,0.0
baseline,120.0,4746995,-0.0,120.0,0.0
baseline,120.0,4747005,-0.0,120.0,0.0
baseline,120.0,4747015,-0.0,120.0,0.0
baseline,120.0,4747025,-0.0,120.0,0.0
baseline,120.0,4747035,-0.0,120.0,0.0
baseline,120.0,4747045,-0.0,120.0,0.0
baseline,120.0,4747055,-0.0,120.0,0.0
baseline,120.0,4747065,-0.0,120.0,0.0
baseline,120.0,4747075,-0.0,120.0,0.0
baseline,120.0,4747085,-0.0,120.0,0.0
baseline,120.0,4747095,-0.0,120.0,0.0
baseline,120.0,4747105,-0.0,120.0,0.0
baseline,120.0,4747115,-0.0,120.0,0.0
baseline,120.0,4747125,-0.0,120.0,0.0
baseline,120.0,4747135,-0.0,120.0,0.0
baseline,120.0,4747145,-0.0,120.0,0.0
baseline,120.0,4747155,-0.0,120.0,0.0
baseline,120.0,4747165,-0.0,120.0,0.0
baseline,120.0,4747175,-0.0,120.0,0.0
baseline,120.0,4747185,-0.0,120.0,0.0
baseline,120.0,4747195,-0.0,120.0,0.0
baseline,120.0,4747205,-0.0,120.0,0.0
baseline,120.0,4747215,-0.0,120.0,0.0
baseline,120.0,4747225,-0.0,120.0,0.0
baseline,120.0,4747235,-0.0,120.0,0.0
baseline,120.0,4747245,-0.0,120.0,0.0
baseline,120.0,4747255,-0.0,120.0,0.0
baseline,120.0,4747265,-0.0,120.0,0.0
baseline,120.0,4747275,-0.0,120.0,0.0
baseline,120.0,4747285,-0.0,120.0,0.0
baseline,120.0,4747295,-0.0,120.0,0.0
baseline,120.0,4747305,-0.0,120.0,0.0
baseline,120.0,4747315,-0.0,120.0,0.0
baseline,120.0,4747325,-0.0,120.0,0.0
baseline,120.0,4747335,-0.0,120.0,0.0
baseline,120.0,4747345,-0.0,120.0,0.0
baseline,120.0,4747355,-0.0,120.0,0.0
baseline,120.0,4747365,-0.0,120.0,0.0
baseline,120.0,4747375,-0.0,120.0,0.0
baseline,120.0,4747385,-0.0,120.0,0.0
baseline,120.0,4747395,-0.0,120.0,0.0
baseline,120.0,4747405,-0.0,120.0,0.0
baseline,120.0,4747415,-0.0,120.0,0.0
baseline,120.0,4747425,-0.0,120.0,0.0
baseline,120.0,4747435,-0.0,120.0,0.0
baseline,120.0,4747445,-0.0,120.0,0.0
baseline,120.0,4747455,-0.0,120.0,0.0
baseline,120.0,4747465,-0.0,120.0,0.0
baseline,120.0,4747475,-0.0,120.0,0.0
baseline,120.0,4747485,-0.0,120.0,0.0
baseline,120.0,4747495,-0.0,120.0,0.0
baseline,120.0,4747505,-0.0,120.0,0.0
baseline,120.0,4747515,-0.0,120.0,0.0
baseline,120.0,4747525,-0.0,120.0,0.0
baseline,120.0,4747535,-0.0,120.0,0.0
baseline,120.0,4747545,-0.0,120.0,0.0
baseline,120.0,4747555,-0.0,120.0,0.0
baseline,120.0,4747565,-0.0,120.0,0.0
baseline,120.0,4747575,-0.0,120.0,0.0
baseline,120.0,4747585,-0.0,120.0,0.0
baseline,120.0,4747595,-0.0,120.0,0.0
baseline,120.0,4747605,-0.0,120.0,0.0
baseline,120.0,4747615,-0.0,120.0,0.0
baseline,120.0,4747625,-0.0,120.0,0.0
baseline,120.0,4747635,-0.0,120.0,0.0
baseline,120.0,4747645,-0.0,120.0,0.0
baseline,120.0,4747655,-0.0,120.0,0.0
baseline,120.0,4747665,-0.0,120.0,0.0
baseline,120.0,4747675,-0.0,120.0,0.0
baseline,120.0,4747685,-0.0,120.0,0.0
baseline,120.0,4747695,-0.0,120.0,0.0
baseline,120.0,4747705,-0.0,120.0,0.0
baseline,120.0,4747715,-0.0,120.0,0.0
baseline,120.0,4747725,-0.0,120.0,0.0
baseline,120.0,4747735,-0.0,120.0,0.0
baseline,120.0,4747745,-0.0,120.0,0.0
baseline,120.0,4747755,-0.0,120.0,0.0
baseline,120.0,4747765,-0.0,120.0,0.0
baseline,120.0,4747775,-0.0,120.0,0.0
baseline,120.0,4747785,-0.0,120.0,0.0
baseline,120.0,4747795,-0.0,120.0,0.0
baseline,120.0,4747805,-0.0,120.0,0.0
baseline,120.0,4747815,-0.0,120.0,0.0
baseline,120.0,4747825,-0.0,120.0,0.0
baseline,120.0,4747835,-0.0,120.0,0.0
baseline,120.0,4747845,-0.0,120.0,0.0
baseline,120.0,4747855,-0.0,120.0,0.0
baseline,120.0,4747865,-0.0,120.0,0.0
baseline,120.0,4747875,-0.0,120.0,0.0
baseline,120.0,4747885,-0.0,120.0,0.0
baseline,120.0,4747895,-0.0,120.0,0.0
baseline,120.0,4747905,-0.0,120.0,0.0
baseline,120.0,4747915,-0.0,120.0,0.0
baseline,120.0,4747925,-0.0,120.0,0.0
baseline,120.0,4747935,-0.0,120.0,0.0
baseline,120.0,4747945,-0.0,120.0,0.0
baseline,120.0,4747955,-0.0,120.0,0.0
baseline,120.0,4747965,-0.0,120.0,0.0
baseline,120.0,4747975,-0.0,120.0,0.0
baseline,120.0,4747985,-0.0,120.0,0.0
baseline,120.0,4747995,-0.0,120.0,0.0
baseline,120.0,4748005,-0.0,120.0,0.0
baseline,120.0,4748015,-0.0,120.0,0.0
baseline,120.0,4748025,-0.0,120.0,0.0
baseline,120.0,4748035,-0.0,120.0,0.0
baseline,120.0,4748045,-0.0,120.0,0.0
baseline,120.0,4748055,-0.0,120.0,0.0
baseline,120.0,4748065,-0.0,120.0,0.0
baseline,120.0,4748075,-0.0,120.0,0.0
baseline,120.0,4748085,-0.0,120.0,0.0
baseline,120.0,4748095,-0.0,120.0,0.0
baseline,120.0,4748105,-0.0,120.0,0.0
baseline,120.0,4748115,-0.0,120.0,0.0
baseline,120.0,4748125,-0.0,120.0,0.0
baseline,120.0,4748135,-0.0,120.0,0.0
baseline,120.0,4748145,-0.0,120.0,0.0
baseline,120.0,4748155,-0.0,120.0,0.0
baseline,120.0,4748165,-0.0,120.0,0.0
baseline,120.0,4748175,-0.0,120.0,0.0
baseline,120.0,4748185,-0.0,120.0,0.0
baseline,120.0,4748195,-0.0,120.0,0.0
baseline,120.0,4748205,-0.0,120.0,0.0
baseline,120.0,4748215,-0.0,120.0,0.0
baseline,120.0,4748225,-0.0,120.0,0.0
baseline,120.0,4748235,-0.0,120.0,0.0
baseline,120.0,4748245,-0.0,120.0,0.0
